UUID,Title,"First Name","Last Name","Street Address",Barangay,Municipality,Province,Country,"Phone Number","Mobile Number","Company Name","Company Website","Job Title","Favorite Color",Birthdate,"Email Address",Password
bae431ff-0f29-3568-b3fe-0d9481bdefb2,Prof.,Isabella,Shields,"98A Ondricka Estate Suite 807","Renner Mission","Iloilo City",Utah,Qatar,461-171-843,007-330-306,Swaniawski-Fritsch,flatley.com,"Gas Pumping Station Operator",gray,2001-02-08,bradtke.jolie@gmail.com,".~.<>eWg,R"
aeb51d7f-3d2b-31ed-b6f9-62bc49f43ef8,Miss,Delfina,Kirlin,"56/91 Braun Mountains Suite 239","Murazik Haven","San Carlos",Oregon,Comoros,575-711-794,094-723-710,"Marks Group",satterfield.com,"Biological Scientist",blue,2000-02-16,ernestina.zboncak@haag.net,Y3g)#@o{k
1bbd73cd-3f87-3ec7-8faa-46c6c596d720,Dr.,Pattie,Schuster,"29 Heidenreich Stravenue","Braun Trail","San Juan",Wisconsin,"Saudi Arabia",820-319-307,766-157-144,"Greenfelder Group",morissette.org,"Skin Care Specialist",navy,2023-04-02,zieme.elijah@yahoo.com,my`k$uge]|-;
5af8d929-7a63-313b-a9fa-1f45e312c671,Mr.,Marilou,Schaden,"54A/95 Lueilwitz Gateway Apt. 420","Daniel Trafficway","San Pedro",Idaho,"Equatorial Guinea",952-223-358,913-188-420,Doyle-Schuppe,waters.info,"Postal Clerk",black,2018-03-26,ephraim.tromp@gutmann.com,#3;rl@9<
022cb4bd-9869-3b5e-ae61-e6274e6836de,Dr.,Okey,Romaguera,"28 Lebsack Radial","Orn Extension",Roxas,Missouri,Greenland,228-519-794,482-006-546,"Koch Ltd",feil.org,"Preschool Teacher",white,2006-11-23,annabell.schmidt@williamson.com,"E(4duL'\kU?Xa/<r"
bc413923-90d4-32f3-a349-106d3edd13c7,Miss,Destin,Daniel,"77/17 Bartell Grove Suite 997","Kerluke Loop","La Carlota",Florida,"Svalbard & Jan Mayen Islands",825-687-796,740-255-239,"Gleason, Reichel and Littel",kulas.biz,"Municipal Fire Fighter",navy,2005-07-08,ebba11@hotmail.com,5Agys]J[%pDI+Ds85f
eee2d587-2ba3-353f-bf89-3deae8068c85,Mr.,Nick,Barrows,"74A/70 Nikolaus Streets Apt. 621","Mann Haven",Bayawan,Delaware,Ghana,981-295-142,637-389-718,"Harber and Sons",cronin.com,Musician,aqua,2023-12-25,wilber.leannon@auer.com,"csq~CS\f;8+*p9"
178a6070-78d6-3478-bf54-77a5e4e4dda9,Mr.,Damaris,DuBuque,"76/59 Pfeffer Radial Suite 699","Abernathy Spurs","San Carlos","New Mexico",Malta,579-311-055,974-002-559,"Towne Group",mraz.info,"Real Estate Sales Agent",silver,2005-06-03,ignatius56@mclaughlin.net,"?+'[Uw*|c_Yf"""
7c6479d9-1c68-3003-b7cf-3bd039968f85,Dr.,Nels,Rau,"18/54 Ryan Ville","Legros Prairie","Zamboanga City",Connecticut,Vanuatu,156-538-969,025-549-054,"Medhurst Inc",rolfson.net,"Plating Machine Operator",teal,2017-09-04,lokon@hotmail.com,&'>{s[IIr6e]QWcCe!
feacaa02-d4cb-3c72-8334-36ff58a6a5bf,Ms.,Carmel,Durgan,"85A/27 Senger Street Suite 128","Berge Burgs",Samal,Arkansas,"Syrian Arab Republic",390-716-767,078-836-315,"Ondricka, Welch and Grimes",bauch.biz,Chiropractor,olive,1985-11-15,caitlyn49@harvey.com,YBNbskJO.}1GK`q_TY
e7f8993c-00c8-3cb8-a71d-08bcca441c7a,Miss,Eliezer,Kling,"52/21 Gaylord Station","Gerlach Crossroad","San Carlos",Louisiana,"Hong Kong",790-574-430,121-326-905,"Oberbrunner Inc",hegmann.com,"Human Resource Director",maroon,1998-07-07,angeline56@muller.com,"cTn:""2sc2R%*}PNJgL^"
b0df702f-53f9-3875-b013-1169d18c88e2,Mr.,Emmitt,Sanford,"95A/71 Johns Crossroad","Cole Court",Ilagan,Maryland,Vanuatu,359-538-391,088-820-291,Lockman-Krajcik,littel.org,"HVAC Mechanic",olive,1996-06-25,alubowitz@schulist.com,",]bj)y8K}&"
412b62b1-75eb-3935-9306-9d827183d8d1,Mr.,Palma,Botsford,"04A Streich Drive Apt. 349","Anderson Greens","San Pablo",Arizona,"Bouvet Island (Bouvetoya)",521-907-097,614-051-149,Williamson-McKenzie,buckridge.info,"Semiconductor Processor",purple,1995-02-26,gnicolas@swift.com,"92v8*""mQ7ES""U"
6106bdac-e48e-3e96-8028-662be18d3926,Prof.,Adrien,Schiller,"19A/05 Schultz Gateway Apt. 424","Kozey Crescent",Cauayan,Wyoming,Aruba,404-621-469,581-001-348,Konopelski-McLaughlin,kling.biz,"Personnel Recruiter",lime,1989-08-11,jacobs.vicenta@strosin.biz,aRVi~Mb2d
374214ce-ab4f-3eac-82b7-3ccbd7b657e5,Dr.,Stanley,Champlin,"83A King Circle","Mills Squares",Cabanatuan,Minnesota,Oman,230-777-424,032-679-453,"Glover, O'Connell and Funk",schmeler.com,"Nuclear Monitoring Technician",white,2001-10-31,glennie09@windler.com,-#K{)(x+KYR'Bp
5fc6284e-a97b-3677-ad16-b21f1b3384df,Prof.,Octavia,Feest,"56 Keeling Valley Apt. 736","Wilderman Ports",Iligan,Georgia,"French Polynesia",001-947-390,143-607-215,"Botsford Group",windler.com,"Criminal Investigator",navy,2021-07-07,sterling94@kautzer.biz,"\:!f#2=IX;|-k|m@|'"
1166c36c-edb0-32bb-868a-1547c80b79c7,Prof.,Amara,Crona,"68 Emmerich Lane Apt. 881","Kuvalis Run",Pasay,Louisiana,Albania,789-230-335,041-234-451,Daugherty-Keebler,spencer.org,"Pharmacy Aide",blue,1994-06-04,amcdermott@labadie.com,HWl8av%LvH@Q(
c8d7ea5e-9057-3d6e-992f-6ea10d8ba835,Prof.,Ayla,Nolan,"28A/99 Rohan Flat","Ortiz Springs",Cabanatuan,Arkansas,Anguilla,972-350-775,059-863-578,"Miller, Lemke and Brown",nienow.info,"Military Officer",lime,1980-04-07,carley20@yahoo.com,"r_b0#ozQC,2%.b"
56c7032f-d584-379b-bea4-c3f4fbe5b11d,Prof.,Wendell,Adams,"19 Kovacek Road","Klocko Way",Victorias,"North Dakota",Egypt,737-805-346,202-104-077,Zboncak-Wisoky,bashirian.com,Professor,blue,2003-10-13,vherzog@hotmail.com,b20=e:~2jb=I8[m
8af222fc-c898-3a53-9ae8-300e985ebdb2,Dr.,Elmore,Labadie,"33/51 Leannon Pass","Funk Center",Tayabas,Maryland,Martinique,531-462-375,285-679-723,"Macejkovic PLC",bogan.com,"Food Servers",teal,2000-05-07,jovanny61@wisozk.net,L:6#[>n
be387fb7-37b7-316f-b5e8-2901eba7ffe8,Prof.,Carolina,Cummerata,"49A/27 Kunze Lights Suite 130","Rempel Crossing",Cabuyao,"South Dakota",Ukraine,991-180-222,367-055-365,Pacocha-Brown,bogisich.org,"Fire Inspector",lime,1993-03-10,ischmeler@kuhlman.com,&27^Mw|C7fLQ
6e58df52-20e0-36f5-8559-4136c835c333,Dr.,Nyah,Moore,"46A Dach Extension","Champlin Ramp",Canlaon,Kansas,Chile,332-784-133,605-238-873,"Ritchie, Weber and Cummerata",luettgen.com,"First-Line Supervisor-Manager of Landscaping, Lawn Service, and Groundskeeping Worker",silver,1971-10-25,gottlieb.mollie@bosco.info,jUbpvcf(cfdStozk)slw
280dcd1b-4f50-34a1-a43e-c5323fcc0a94,Mr.,Marcel,Lind,"42A/63 Leuschke Fords Suite 158","Okuneva Inlet",Tanauan,"Rhode Island","Kyrgyz Republic",267-944-819,495-539-681,DuBuque-Greenholt,corwin.com,"Athletes and Sports Competitor",aqua,1979-07-26,lbashirian@hotmail.com,X0o1{:q.orNBRGN
695f3a61-229d-37b3-b1ee-3cd297e91a00,Dr.,Valerie,Hermiston,"41 Senger Vista Suite 666","Lindgren Field",Palayan,"North Carolina",Tunisia,971-342-087,638-241-085,"Feest, Jenkins and Okuneva",goodwin.com,"Exhibit Designer",lime,2020-05-16,xlarson@yahoo.com,"9bVV6Xi,+h<!W9B"
9feccbff-6fc5-3716-a2b2-07028193a34a,Dr.,Kaitlyn,Davis,"56 O'Keefe Mountain","Gibson Landing",Tagum,"New Mexico",Uruguay,051-562-580,472-614-434,Hermiston-Schinner,zieme.org,Announcer,silver,1977-08-05,janiya50@hotmail.com,"(N~,MNhIDO]C"
8bd11dfd-0456-352e-8d92-d0b9364fbe74,Mr.,Clemmie,Gerhold,"45A/10 Anderson Haven Apt. 585","Doyle Land",Victorias,"Rhode Island",Kazakhstan,159-514-851,784-794-628,Reichert-Altenwerth,huel.net,"Interpreter OR Translator",silver,1978-07-30,keyshawn.bailey@spencer.com,g)GCrDCs
1ecce0c3-658b-36c5-a733-7b2591c7abdf,Mrs.,Miracle,Bashirian,"74A/27 Kohler Plains","Conn Field",Santiago,Texas,"United States of America",519-880-391,326-588-006,"Medhurst, Hoppe and Murphy",williamson.com,"Security Systems Installer OR Fire Alarm Systems Installer",green,1984-08-08,adriana.rice@yahoo.com,"FeL%+~4xHWT,'&;S1"
ead59267-1440-3526-902f-8cf869855c05,Prof.,Jairo,Feest,"69/22 Dickens Fords Apt. 173","Vandervort Wall",Toledo,"North Dakota","British Virgin Islands",833-989-365,485-726-007,"Feeney, Quitzon and Carroll",senger.net,"Surgical Technologist",blue,1977-04-14,maximo.feeney@dooley.org,}hTcA>yPXAJk_!l
59acc06a-cd6c-3643-9a10-b9b4674d0a00,Prof.,Leila,Graham,"70A Sipes Skyway","Homenick Stravenue","Sorsogon City","New Hampshire","San Marino",830-884-475,509-123-759,Breitenberg-Trantow,mayer.com,Actuary,yellow,2017-12-06,alessandro.thiel@hotmail.com,"zD8}7_""v'@ere*""h&"
17acb7ac-241d-3a18-8301-c32cff210c5e,Prof.,Tessie,Botsford,"95 White Trail Suite 355","Terry Terrace","Santa Rosa","New Hampshire",Nicaragua,464-756-696,627-919-801,"Pouros, Mraz and Schoen",weissnat.com,"Budget Analyst",aqua,1985-09-04,alana73@abbott.com,]r1N2.iY
31d12fd0-41af-3f9d-867b-8db33101d5b1,Prof.,Nikki,Hoeger,"76 Larson Fort Apt. 524","Stracke Plaza",Marawi,Nevada,Malta,922-371-667,815-239-476,"Corwin Group",parker.com,"Ceiling Tile Installer",olive,1990-12-05,estel.powlowski@abshire.com,"""p90W\N'$N.J4g}+O("
4185c875-fb96-3353-b016-ff6a256dc2f2,Dr.,Delpha,Ritchie,"40/93 Greenholt Shoal Apt. 483","McClure Mills","San Pablo",Kentucky,Croatia,745-688-921,394-028-096,"Shields, Bradtke and Jakubowski",leffler.info,"Manager of Weapons Specialists",aqua,1981-08-27,bettye59@bernier.biz,C*{f_.ghtDg'HF
779cd7eb-e6f9-3b60-a500-bd206aa3f4dd,Prof.,Toby,Schimmel,"13/99 Reynolds Tunnel","Bayer Summit",Passi,Iowa,Yemen,409-366-326,464-349-178,"Quitzon Group",kautzer.biz,"Biological Technician",gray,1993-01-22,jed.glover@gmail.com,m4j>nT$Qm8T2ZS*zE
8ee99f0d-38ab-3ec5-922f-e1b0a10a4cc3,Ms.,Brant,Volkman,"40A/57 Witting Mission","Fisher Union","San Carlos",Washington,Portugal,962-657-067,401-311-141,"Murazik and Sons",kessler.com,"Proofreaders and Copy Marker",lime,2003-07-09,estell.sanford@yahoo.com,&3+~u'>
dfc0ffac-8152-3ae7-bf59-f0202286dc7f,Prof.,Hermann,Hayes,"93/39 Nicolas Crossing Suite 772","Purdy Burg",Laoag,Nevada,"Solomon Islands",398-745-414,109-845-639,"Reilly, Gaylord and Abshire",carroll.net,"HR Manager",black,1997-06-12,frieda.simonis@gmail.com,I^8!:'
1c924d7c-0961-3984-82b8-215a53318410,Mrs.,Roderick,Schmeler,"86A/80 Nitzsche Via Suite 874","Grimes Canyon",Talisay,Colorado,Comoros,839-051-880,028-461-024,Daniel-Schowalter,heller.biz,"Installation and Repair Technician",blue,1989-05-23,wwalsh@parker.com,i)E89Nr`
4fc519f9-8b3b-3f25-bc98-0e1c9bdba7ed,Prof.,Zackery,Morar,"84 Abernathy Branch","Simonis Via",Gingoog,Washington,"Wallis and Futuna",021-215-210,173-435-388,Purdy-Funk,sawayn.com,"Agricultural Manager",black,1993-09-21,luz47@gmail.com,"""J}OV=F\(ej"
8afe0837-afc8-3c57-a05a-c1728ea418ff,Prof.,Adelle,Ferry,"29A/86 Ullrich Crossroad","Hilpert Tunnel",Tanjay,Alaska,Spain,138-385-391,824-327-935,Lueilwitz-Gulgowski,bailey.info,"Transportation Equipment Painters",olive,1978-03-29,christop79@hane.com,".A{\]:`'zlcwlj#c"
dc6bb123-1879-3d3f-81d2-0ba4d94b80ec,Mr.,Itzel,Pagac,"50 Wiza Radial","Little Lock",Tuguegarao,Nebraska,Madagascar,933-019-210,031-792-498,Oberbrunner-Romaguera,hagenes.com,"Director Religious Activities",lime,1999-09-02,aniyah14@stamm.com,z+mj;nK^<.6{QY7gMG
b37cc960-e762-3fda-9a2c-22698082fcf6,Mrs.,Lila,Smitham,"52/38 Stokes Dale Suite 237","Howell Underpass","Davao City","South Dakota",India,135-912-274,913-888-341,"Braun, Stehr and Hettinger",kling.com,"Woodworking Machine Operator",gray,1979-10-16,marjolaine33@pfeffer.net,"HlMsB[,<X%"
06c5ffbc-3685-3053-8902-710e576e65b5,Prof.,Don,Gutmann,"18 Mayert Hill Suite 273","Streich Mount",Balanga,Georgia,Iran,677-164-539,098-799-874,"Gibson and Sons",schamberger.com,Brickmason,fuchsia,1992-04-27,ysporer@gmail.com,oTGsW7U}$js
14a77aec-262a-36e0-a3a5-ab47d907a8ed,Mrs.,Miles,Stroman,"45A/03 Mitchell Drive","Okuneva Parkways",Talisay,Missouri,Slovenia,529-045-820,834-192-837,"Buckridge, Smith and Zieme",mclaughlin.info,"Telephone Operator",silver,1997-11-03,kshlerin.justina@hotmail.com,"XjqP{tpbBpx""m`@+z"
bfbc2b94-0cde-3204-9d02-651aa4b28d83,Mr.,Brittany,Pouros,"70A/84 Dare Highway Apt. 367","Wehner Stream","La Carlota","New Mexico",Denmark,904-223-382,552-227-955,"Gutkowski, Weimann and Marks",gislason.net,"Welding Machine Setter",white,1988-05-12,benton64@gmail.com,")q\gWT"
a700b282-7cb0-3e2e-97a5-47ea741ce115,Mr.,Keon,Nitzsche,"36/69 Wehner Tunnel Apt. 452","Zulauf Estates",Digos,Wisconsin,"British Indian Ocean Territory (Chagos Archipelago)",456-390-142,918-066-102,Muller-Toy,reilly.com,Detective,silver,2006-03-23,jasen.lynch@adams.org,P~S)-fMNQGLfA
ad179ae8-8113-3ead-a36c-13062dec401e,Dr.,Okey,Parisian,"55A/67 Murazik Burg","Ondricka Pine",Manila,Minnesota,Bermuda,947-087-615,085-144-648,"Kutch, Considine and Grimes",baumbach.org,"Agricultural Inspector",purple,2021-11-14,dcormier@hotmail.com,-I2wF7]42N
a905e71c-3a6e-3676-b659-6511db1b2421,Prof.,Aniyah,Bosco,"54/30 Beier Bridge","Brakus Heights",Malabon,Wyoming,Estonia,104-967-038,632-647-300,McCullough-Collier,hansen.com,"Police and Sheriffs Patrol Officer",maroon,2002-05-13,johns.kasandra@yahoo.com,>sm%1IK1rBx}HS_w^=
299585c1-f4e4-3c96-8c58-d1964d3b2047,Dr.,Ned,Marquardt,"55A Davis Lodge","Green Points",Vigan,Iowa,"Antarctica (the territory South of 60 deg S)",896-536-548,499-186-184,"Mueller, Bayer and Kiehn",daugherty.com,"Mail Clerk",silver,1979-12-14,qbarrows@roberts.biz,Nbni71~
fb085edd-6264-35b9-bd5a-df393a8ecf34,Miss,Oleta,Willms,"12A/86 Turcotte Points","Bosco Curve",Valenzuela,Nevada,Tanzania,964-919-566,365-090-440,"Hoeger and Sons",langworth.com,"New Accounts Clerk",fuchsia,1977-01-26,lauriane89@maggio.net,"j\lU3Z}T8"
595c1807-2564-3420-ba19-1191dc31b8d5,Miss,Beau,Beahan,"67/25 Mertz Manors","Thiel Ferry",Dipolog,"New York","Heard Island and McDonald Islands",159-633-183,834-934-756,"Nolan, Heaney and Ankunding",reichert.com,"Packer and Packager",aqua,1998-08-25,zsporer@gmail.com,b$`RMp
6fcd20dc-38cd-3468-b7a0-d2d8dda53456,Mr.,Alice,Balistreri,"94 Auer Falls","Hintz Wells",Talisay,Massachusetts,Guam,060-341-250,328-739-882,"Kshlerin, Williamson and Bartell",kautzer.com,"Radio Operator",maroon,1973-05-16,wstiedemann@tromp.biz,"a$kqmp\M[F"
7e2ce93a-66de-344b-9085-3cb15a3efd63,Prof.,Keagan,O'Conner,"32/79 Kessler Square","Maggio Shore",Iligan,Missouri,"Equatorial Guinea",749-579-111,623-936-635,Fay-Fisher,muller.biz,"Emergency Medical Technician and Paramedic",navy,1978-12-06,kuhlman.jadyn@yahoo.com,"bWJf,>rum+"
1082d94d-d8d2-328c-b143-d3e21861a1a7,Prof.,Kaitlin,Weimann,"03A Luettgen Groves","Ferry Haven",Toledo,Georgia,"Isle of Man",298-292-812,394-768-306,"Glover Group",sauer.biz,"City Planning Aide",blue,1989-10-08,keeling.reginald@okon.biz,goZU6Fr7[vX5<yT8vO
0df17de5-aa68-30a7-bf4b-b0fe5517bfa5,Mr.,Maybell,Nolan,"37 Pacocha Expressway Suite 980","Yundt Fork","San Fernando",Michigan,"Hong Kong",574-960-602,051-715-909,"Kessler, Armstrong and Dietrich",blanda.com,"Teacher Assistant",purple,1992-03-18,niko.kuhn@jenkins.com,C4t3cll+G(
2fb09e35-2abd-3ceb-b2df-c3fbe380c5ae,Mr.,Trisha,Dooley,"14 Morissette Highway Apt. 459","Schimmel Harbors",Legazpi,Nebraska,Namibia,289-957-368,746-796-158,"Lehner Inc",ruecker.biz,"Elevator Installer and Repairer",aqua,1977-10-09,stanford55@yahoo.com,mqVtcH}i;5G4
a10807e0-2f41-39fb-9901-13adadfa0d95,Mr.,Rene,Towne,"67 Abshire Terrace","Johnston Mountain",Angeles,Kansas,"Western Sahara",370-626-345,228-650-420,"Batz, Renner and Purdy",skiles.net,"Engineering Technician",aqua,1994-10-05,koepp.misty@paucek.com,"y9mxA""%&;n"
1c5c21cb-a530-3f34-91cc-c712553e8ece,Dr.,Elta,Jaskolski,"55/10 Boyle Courts","Haley Motorway",Tacurong,Maryland,Indonesia,983-345-288,675-181-510,Pagac-Wyman,kulas.info,"Food Preparation and Serving Worker",maroon,2006-03-29,zane25@gerhold.net,uo5lnu-<lJhYs<z
d0811a5a-d897-3bc0-b2b3-244b712cc8a3,Dr.,Aylin,Marvin,"80A/08 Baumbach Track Suite 990","Lind Course",Carcar,"West Virginia",Niger,302-202-397,644-297-857,"Anderson Ltd",keeling.com,Jeweler,purple,1981-11-19,grady76@hotmail.com,B^vY&Rd6<yS1hxjL1=o
4aef7d24-d73d-3728-a4f5-51c16b3b4eec,Ms.,Darrick,O'Kon,"41A Crooks Lane Apt. 898","White Forges","Las Piñas","District of Columbia","Falkland Islands (Malvinas)",859-738-287,673-931-546,Conn-Auer,grant.com,Solderer,navy,2006-09-08,paris.koch@considine.com,"[Sdn`[r>\"
4bf177ec-d96d-34c6-b1ae-ba8038945dea,Dr.,Jazlyn,Mann,"78A Wuckert Islands","Shields Summit",Tanjay,"New York","South Africa",159-173-153,490-556-958,Grant-Hilpert,yost.com,"Legal Support Worker",aqua,2014-07-06,rene.brekke@hotmail.com,"""8aiV@T(!V)P"
bd253d0d-7148-3ac9-857f-bd79cb60fe4c,Ms.,Amelie,Dickinson,"37 Stiedemann Stream Suite 937","Kuhn Inlet",Bayugan,Kansas,"Heard Island and McDonald Islands",697-786-193,775-856-834,"Watsica, Crona and Marks",metz.org,Geologist,navy,1991-09-12,eveline.nitzsche@gmail.com,^8mc])
6f92dbe7-e2f9-3196-935b-0e960e27ed07,Mr.,Immanuel,Morar,"91 Klein Village Apt. 570","Tillman Freeway","San Carlos",Colorado,Mayotte,900-010-837,769-048-281,"Cartwright Inc",cremin.info,"Dragline Operator",fuchsia,1974-12-25,poreilly@schmitt.com,_0nEdXC/H
57a02669-f0f9-328d-98dc-2118f5b63431,Ms.,Cecil,Reilly,"81A VonRueden Manors Apt. 538","Flatley Hills",Mandaluyong,"South Dakota",Comoros,974-739-429,269-051-596,"Hill, Hill and Conroy",dooley.com,Illustrator,gray,2008-02-09,lew47@hotmail.com,=F:&G343W)
cff24265-0720-3873-914d-1d0bddf266f6,Dr.,Alford,Satterfield,"87/92 O'Connell Spring Apt. 044","Thompson Motorway","Cagayan de Oro",Pennsylvania,"Sri Lanka",786-141-393,200-505-080,"Huels, Lemke and Feeney",grady.com,"Postal Service Mail Sorter",navy,2023-01-20,conn.courtney@yahoo.com,4yt`mdDTfim0`r+
4c60c953-48f5-38b5-8be6-83ed35744a9b,Miss,Nelda,Cruickshank,"75/84 Parker Crossroad","Kovacek Common",Kidapawan,"West Virginia",Eritrea,531-735-143,651-197-910,"Padberg Ltd",pfeffer.net,"Welfare Eligibility Clerk",silver,2014-07-31,alec49@lubowitz.info,]6j.}:ui3LvVu
89a6060f-e51c-3b63-9c24-4a7c42e60787,Prof.,Randall,Gleichner,"78A Langosh Point Apt. 971","Cartwright Land",Angeles,"North Carolina","Kyrgyz Republic",887-744-283,995-366-902,"Keeling Inc",cummerata.com,Roofer,purple,1980-12-07,marques.wilderman@hotmail.com,1)L=~gv+OmpjomaGL*6
4dd0886d-0d90-3db9-9b13-d58f10f597bd,Ms.,Alfred,Bailey,"75A/47 Mills Wells","Renner Ridge",Antipolo,Colorado,Bangladesh,306-434-204,302-814-553,"Braun, Price and Kreiger",reichert.net,"Lay-Out Worker",blue,2007-01-09,wauer@hotmail.com,"cGW1@}L#""\VGNy`!~Az"
75eeff24-4592-3710-9089-b8f9e1587dd9,Prof.,Enos,Abshire,"91A Walter Corners Suite 599","Rowe Path",Makati,Pennsylvania,Morocco,433-328-308,489-427-094,"Schamberger, Bernhard and Casper",sauer.com,"Production Worker",lime,1997-12-13,amya.macejkovic@yahoo.com,"JOIy>+,gsn%+"
6e527191-3ab2-369c-8724-c68c96fb8b1e,Prof.,Brianne,Daniel,"08A Kirlin Meadow Apt. 697","Fahey Ports",Dagupan,Utah,"Faroe Islands",206-069-299,457-931-620,"Stroman, Boyer and Kling",weissnat.org,"Pewter Caster",blue,1977-11-19,bruen.araceli@gmail.com,&*n.0]n0m
b47be81a-0564-3d13-a052-c991652538cd,Dr.,Dora,Robel,"98/77 Rolfson Way","Cummerata Highway","Surigao City",Vermont,"Trinidad and Tobago",566-089-818,223-603-802,"Murray, Kuhn and Torphy",deckow.org,"Organizational Development Manager",gray,1990-10-14,ydach@marks.biz,Q7QfLB/2s
9d95bb90-3738-34db-bccb-547f43e2d7a9,Dr.,Benedict,Hansen,"82A Quigley Haven Suite 424","Medhurst Locks","Cotabato City",California,China,547-747-712,671-133-856,"Heaney, Nikolaus and Anderson",lesch.com,"Police Identification OR Records Officer",navy,2014-03-09,breanne.oberbrunner@predovic.com,"`,SYc/;>K?5)fX*"
eed46b88-42c4-37e2-b928-35d75e769cd4,Mr.,Romaine,Lakin,"73/66 Volkman Ports","Kulas Radial",Tabaco,Tennessee,Chad,845-547-109,334-041-726,Pfannerstill-Mraz,treutel.org,"Electronic Masking System Operator",aqua,1994-02-18,wunsch.macy@hotmail.com,JI'a[Q2-pI6^g
1ffc2d54-6f3f-395e-96df-b1612a2653ca,Prof.,Alexandria,Gleason,"39/85 Brekke Plain","Yost Terrace",Olongapo,Tennessee,Canada,137-553-052,622-245-326,"Luettgen, Krajcik and Hudson",swaniawski.com,"Agricultural Sales Representative",olive,2002-09-03,kylie01@hotmail.com,7)S['+.IIm+d>e[8gT{%
2ad37c77-4114-3431-8a41-cee7c476d6d6,Ms.,Dee,Blanda,"39A Reinger Walks Apt. 424","Rowe Ridge","Santa Rosa","New Hampshire",Guatemala,583-578-242,169-954-148,Wolff-Predovic,frami.com,Computer,lime,1976-08-19,oyundt@hotmail.com,dy^iEG1$;SM=)06>suwp
c17e5d87-ef10-3e3d-9a7a-5ed764ac19bb,Miss,Maxime,Douglas,"07A/03 Harvey Point Apt. 353","White Spur","San Pedro",Texas,"Faroe Islands",172-077-954,018-952-802,"Russel, Keeling and Rath",bartoletti.com,"Precious Stone Worker",olive,2000-01-02,ehand@hotmail.com,4clni'xdvaNv@
34133e51-7d16-3f5f-a241-3f4808a2fa25,Dr.,Chris,Hirthe,"92A/66 Trantow Curve","Rutherford Pine",Alaminos,Delaware,Guinea-Bissau,149-557-058,986-050-799,"Abernathy, Dach and King",tremblay.com,"Semiconductor Processor",purple,1987-09-19,harris.dedrick@gusikowski.info,SAO;U<x'O*$fUJP
bd9741bc-3071-379a-bd83-d21aae6b8e78,Dr.,Orlando,Larson,"75A Torphy Plains Suite 033","Kessler Neck","Sorsogon City",Tennessee,Iraq,380-260-585,902-012-055,"Heller, Becker and Buckridge",ward.com,"Crane and Tower Operator",silver,1984-04-16,kyler55@gmail.com,a[EWut5^j
91fac196-96df-3e92-a3ae-cd0789b51d3f,Dr.,Miracle,Klocko,"78 Greenholt Underpass Apt. 978","Rau Estate",Laoag,Nebraska,"Solomon Islands",141-347-835,000-804-862,"Monahan, Koss and Huel",berge.biz,Baker,navy,1984-06-17,gregorio.barton@hotmail.com,dS/V.sG7
ad9ad318-30b3-36d9-a4f7-32daf0cf3965,Miss,Ana,Tromp,"70 Lang Rue","Howell Ridge",Makati,Hawaii,Burundi,450-184-688,915-095-108,Weissnat-Schimmel,willms.org,"Oil Service Unit Operator",gray,1998-12-17,mitchell.efrain@yahoo.com,-ydsun
4e560c1d-bdc8-35c4-ba17-7a07d4223011,Ms.,Thaddeus,O'Hara,"41 Daniel Station Apt. 763","Murazik Estate",Tagum,Indiana,Afghanistan,110-345-859,627-568-186,"Lang, Kunde and Schimmel",gulgowski.com,"Travel Clerk",silver,1987-02-14,nhammes@yahoo.com,n2+_39i;X.{xFp<{
35dc2011-5adb-3415-bba3-a02b8d8d51e0,Mrs.,Garnet,Stark,"13 Feest Rapids Suite 937","Harber Lights",Manila,Tennessee,Slovenia,440-818-163,420-017-414,Baumbach-Nicolas,stracke.com,"Electrical Power-Line Installer",olive,1980-06-22,grady.leanna@yahoo.com,OXao^pn47bn4M
baa81e78-46fd-368e-a388-6cdeb719bc5e,Prof.,Corene,Hoppe,"34/89 Hagenes Circle","Haag Spring",Palayan,Kansas,"Syrian Arab Republic",974-173-043,650-449-361,"O'Connell, Hyatt and Koelpin",donnelly.net,"Forest and Conservation Worker",white,1996-07-30,hilpert.sylvia@kessler.com,"o*n:?UBj,*c"
28fa0c7c-50bf-3d13-ba64-bd245a2c43cf,Ms.,Madilyn,Cronin,"63A/60 O'Kon Gateway Apt. 760","Monahan Highway",Samal,Idaho,Guyana,055-192-464,259-153-964,"Krajcik, Rippin and Hegmann",willms.com,Waiter,blue,1990-01-09,madison43@weber.net,@XB7|@2$iT8^Gno
e0f817ad-3fb5-3424-bfa0-b175c3159167,Prof.,Stefan,Mohr,"50 Hyatt Forge","Schuster Corner",Victorias,Virginia,Martinique,604-974-005,505-782-699,"Hessel, Schmeler and Funk",greenfelder.com,"Tire Changer",silver,1983-05-01,hcorkery@feil.com,weA+>BggYZli?IXP_L_8
cf8eea1c-93d2-3788-8239-093e2703490c,Prof.,Quinton,Stokes,"78A Hyatt Station Apt. 392","Littel Streets",Sagay,Colorado,"Czech Republic",930-663-955,903-717-922,"Hegmann, Kiehn and Schneider",maggio.com,"Surveying Technician",teal,1990-09-06,kaelyn20@klocko.com,51u_cR4
9ffeeb1f-4ec8-34ed-aa8e-c54025fab504,Dr.,Lela,McKenzie,"04A/07 Emmerich Loop Apt. 155","Murray Square",Escalante,Kansas,Croatia,497-897-810,369-651-102,Marks-Wehner,dooley.biz,"Stone Cutter",purple,2020-06-19,karlie79@kuhlman.com,"}|MD6n""*[jI)z"
ea1101b6-ba83-3f2b-98c0-6e8ac16ee50e,Mr.,Adriana,Parker,"30A/33 Goyette Court","Johnson Lights",Mandaluyong,Pennsylvania,"El Salvador",833-897-591,128-647-809,Bernhard-Powlowski,paucek.info,"Dredge Operator",black,1994-03-09,sstroman@yahoo.com,*6VT%'86g4]%U&-5>WR
fcd2eef9-6902-3fe0-b4de-29480171dc34,Miss,Skyla,Prosacco,"77 McClure Extensions Apt. 551","Blanda Garden",Mabalacat,Kentucky,Burundi,897-847-724,085-251-066,"Roob, Ferry and Dare",towne.com,"Manager of Food Preparation",green,2011-09-15,jonatan03@hotmail.com,",[[dy1""mG3J"
df2414be-2247-3f42-a13b-c74743c8cef6,Ms.,Cecil,Russel,"20 Labadie Terrace Suite 065","Stanton Islands",Bago,Wyoming,"Dominican Republic",845-244-063,829-105-669,"Gusikowski PLC",mueller.com,"Pressure Vessel Inspector",yellow,1988-09-10,sbogan@feil.biz,"oD{A;+%%67\"
2d63aa36-8267-3124-9ff1-d63a5ec62d2f,Mr.,Dorian,Volkman,"61A Corkery Gardens","Cormier Land","Cotabato City",Alaska,"Pitcairn Islands",922-976-266,729-925-303,"Crist PLC",ward.info,"Marketing VP",purple,2004-10-30,anya.streich@hotmail.com,2awo(cva
d49ee8a7-076e-38d5-a6ac-665b8fddeab0,Dr.,Pinkie,Haag,"25A/80 Tromp Pass","Schamberger Shoal",Samal,Iowa,Bhutan,649-839-559,025-937-624,"Turcotte Inc",kunze.net,"Boiler Operator",olive,1995-01-30,rlang@hotmail.com,bsF8-bYS0Wq
e883885a-9862-3169-a1f7-eca1f371f68d,Ms.,Henry,Ryan,"49A Labadie Garden Apt. 785","Schuster Villages","Santa Rosa","New Jersey",Ethiopia,354-709-859,639-927-731,Cole-Rolfson,friesen.com,"Embossing Machine Operator",teal,1980-09-01,hardy.cartwright@nicolas.com,NisTc_
9be9367c-7146-3f98-b7b0-7e2324ecf8f0,Mrs.,Ottilie,Marks,"79 Davis Falls","Oberbrunner Lakes",Tabuk,Alaska,Gambia,422-144-665,444-378-634,Nienow-McLaughlin,price.biz,"Grounds Maintenance Worker",silver,1981-12-16,jermain02@yahoo.com,g$&'$4f}(UIbeQa4Uv
0b41c8a8-2e1a-3135-b7a2-caf3bc4c1b93,Mrs.,Layla,Fay,"73/30 Hills Points","Macejkovic Extension",Imus,"New Hampshire",Niue,327-809-102,185-788-928,"Torphy, Mertz and Stamm",bins.com,"Hand Sewer",black,1974-09-16,cole.edwina@hotmail.com,3a;&-v~[
c9e93b29-b416-30ad-b449-89051b886f24,Prof.,Verna,Prohaska,"84 Beahan Knolls Apt. 760","Klein Well",Koronadal,Massachusetts,Nepal,593-947-938,636-954-493,Moen-Kassulke,corwin.biz,"Construction Driller",navy,2003-12-05,jspinka@yahoo.com,+Zxm#(E]A
64eced36-88bd-3f41-a3df-e423d327b5e3,Dr.,Annette,Hudson,"22/73 Brakus Light Suite 254","Ziemann Burgs",Gapan,"District of Columbia",Macedonia,125-325-661,003-315-530,Ruecker-Conroy,gaylord.net,"Motion Picture Projectionist",gray,2020-05-28,mgleichner@yahoo.com,*@D<ZZFrjEi2t
cb3ae951-ebef-318a-a342-32af8c72300b,Mr.,Quinn,O'Connell,"89 Lebsack Squares Apt. 763","Schaefer Crest",Pagadian,Delaware,"Papua New Guinea",859-326-963,121-978-765,Blanda-McClure,hickle.com,Fitter,maroon,1979-05-16,green.travis@yahoo.com,"7?Y`DwCLJ-p\@Ow"
6c327472-158d-350d-afd5-303f50bdec88,Prof.,Krystal,Dibbert,"72A/25 Collier Junction Suite 174","Homenick Keys",Bacolod,"South Carolina","Marshall Islands",623-591-870,042-798-480,"Koelpin Ltd",ledner.com,"Coaches and Scout",black,1971-12-31,sammie35@gmail.com,sQCz}?:$+&<cWURr4|n
a59ae02f-fa85-3d21-b22f-cef699f3b6ae,Mr.,Ariel,Hirthe,"99A/61 McDermott Square","Kerluke Pines",Tabuk,Michigan,Lithuania,419-483-420,300-172-234,"Donnelly Inc",purdy.com,Teacher,yellow,2004-12-12,xshanahan@yahoo.com,(!Cy]+x?rJk
62f89073-6272-3a16-a163-cb77cf5bb7eb,Mr.,Ella,Nitzsche,"70A Block Summit Suite 684","Kozey Lane",Tanauan,Alaska,Estonia,901-258-456,151-320-011,"Kihn, Koch and Cartwright",hyatt.org,"Chemical Plant Operator",teal,1990-10-12,layne99@gmail.com,TAcIp7WWgOwu^u_e$
dd2d7433-e9b7-337e-9d7a-f9497021be12,Dr.,Vanessa,Moen,"51A/90 Buckridge Run","Shanahan Centers",Tacloban,Nevada,Lesotho,142-458-434,846-558-752,"VonRueden LLC",lehner.com,"Radiologic Technologist and Technician",blue,2024-03-10,bashirian.napoleon@hotmail.com,PP3Y.Lw.hhX;NCK
c4d119d1-f026-3f03-8cbe-31de575b46b0,Mr.,Herminio,Auer,"59 Klocko Extensions","Haley Plaza",Navotas,Nevada,Germany,742-303-669,812-841-716,"Predovic, Powlowski and Cartwright",feest.biz,"Welder and Cutter",lime,1986-05-12,joaquin94@fay.com,"d:yz3(qA9,Lr{"""
1239e2be-a395-33c2-bc6b-adb5e707e80a,Dr.,Leda,Frami,"99A/64 Pouros Crest Apt. 006","Pacocha Burgs",Biñan,Iowa,Azerbaijan,178-776-647,864-630-936,"Smitham Inc",wisoky.com,"Operations Research Analyst",green,1974-02-02,amanda83@olson.biz,"7<&3e.~<`gA$\|"
89f0b5ca-1227-36a5-ae75-0281e1b468e7,Prof.,Garnett,Johnson,"26A Jast Throughway Suite 848","O'Connell Mills",Ozamiz,Maine,Guernsey,563-611-418,164-996-048,Reichel-Denesik,macejkovic.org,"Respiratory Therapist",maroon,2023-06-26,orlo73@block.com,h!>&9q
f95651ad-1aee-3c90-b617-7a6b529d1007,Dr.,Constance,Powlowski,"72 Hansen Via Apt. 725","Dickens Plains","Cagayan de Oro",Missouri,"Turks and Caicos Islands",846-895-753,300-857-869,Langosh-Kuhic,spencer.biz,"Segmental Paver",gray,1987-08-02,mdickinson@yahoo.com,x9KRg64z}J!#N3Q~nA
7e242982-91a7-3bcb-9dd1-74cb11a85034,Ms.,Granville,Parker,"21 Altenwerth Field Apt. 411","Koelpin Glens",Santiago,Washington,"United States of America",921-734-044,047-360-534,"McDermott, Breitenberg and VonRueden",stracke.com,"Pest Control Worker",fuchsia,2000-12-01,abernathy.jamel@bechtelar.biz,"BzS}rX,)GQ6nmM$B"
5cf57284-7b4b-36a6-bac5-3517bbbadb4e,Mr.,Efrain,Williamson,"75A/02 Schuppe Stravenue Apt. 287","Cassin Circle",Borongan,Nevada,Liberia,479-882-990,493-831-826,"Langworth PLC",huels.org,Roofer,maroon,1973-11-23,hane.neoma@yahoo.com,"I$v(zSGuuUlQ+X.ut"""
00385ea0-e691-3d93-8a0f-224882dd1ecc,Mrs.,Cletus,Anderson,"91A/01 Wyman Harbor Apt. 813","Zemlak Port",Tagbilaran,Alabama,Kenya,994-044-378,223-723-487,"Rempel, Homenick and Kshlerin",keeling.com,"Insurance Policy Processing Clerk",teal,2000-11-04,cronin.nora@yahoo.com,TaqWE/X
47f9fe90-8f78-3ae6-b0cf-1e98872653c3,Dr.,Luz,Bogisich,"12/93 Doyle Walks Suite 998","Schiller Pines","San Jose","District of Columbia",Argentina,114-821-440,079-008-606,"Jast, Von and Sporer",paucek.com,"Precision Dyer",white,1976-05-28,kovacek.giovani@kautzer.com,"`zFR|BY""%"
e62d3cdc-d199-32b3-ab0f-257ab11e257d,Mr.,Crawford,Mann,"85A/41 Legros Fields","O'Reilly Club",Calapan,"New Jersey",Lebanon,986-397-104,069-223-378,"Koepp, Herzog and King",thiel.com,"Police and Sheriffs Patrol Officer",teal,2013-01-02,tkassulke@gmail.com,k0[`$r=gKI
034b295d-a359-37b1-b57b-c683a7f002e3,Miss,Demond,Beier,"52A/33 Prosacco Station","Wolff Highway","Davao City","New Mexico","Sierra Leone",370-409-383,457-440-093,"Batz Inc",windler.com,"Graphic Designer",silver,1992-04-24,simeon.haag@luettgen.com,"spi7c,<)"
0aac3980-b908-3ac7-aabb-18ce32976690,Mr.,Paxton,Hill,"27A Beer Via","Jacobi Stravenue","Cebu City","New York",Maldives,222-825-851,882-800-993,Kreiger-Casper,mitchell.com,"Typesetting Machine Operator",silver,2015-03-10,twila43@hotmail.com,"""suW@($!1w"
0451865f-a92c-370c-b94f-9a796ff499c3,Mr.,Edwina,Leannon,"61/65 Conn Locks","McLaughlin Union","San Juan","New Jersey",Mongolia,479-632-792,431-498-523,"Hintz, Herman and Stracke",rempel.com,"Industrial Safety Engineer",aqua,1991-10-25,barrows.romaine@yahoo.com,VD09W&&kQ6eO>|Cl8
5b205339-d121-35c6-b341-0ca3699e598b,Dr.,Rosetta,Schaefer,"90 Champlin Via","Collins Rapid",Pasig,Georgia,Tunisia,196-053-244,280-876-027,"Jerde, Johnston and Gorczany",schneider.org,"Director Religious Activities",blue,2019-09-21,sframi@schroeder.com,*M/qQ)X7XLviEaBHvE
9e9a893b-4c33-316a-bac7-e32dc5f0ac2d,Miss,Mertie,Murphy,"87A Schinner Burgs","Wyman View",Antipolo,Indiana,Taiwan,084-527-104,145-677-273,"Langosh LLC",lubowitz.com,Dentist,navy,2008-07-10,vhudson@osinski.com,"=bQQ5KLs#,(OO_1PwYq"
f6679eaf-59f8-37a2-a50e-e42902f31c7e,Prof.,Mittie,Tromp,"30A Fisher River","Kerluke Tunnel",Ozamiz,Georgia,"United Kingdom",211-213-479,040-812-115,"Stehr, Prosacco and Moore",waters.biz,Podiatrist,maroon,1996-12-15,ejohns@yahoo.com,"KE%d0G,pi-%*bxo"
d0b91d87-785f-3bc0-ad69-0c248a1c522b,Dr.,Ursula,Kuvalis,"02A Jacobi Extensions","Dibbert Cape","Batangas City",Utah,"Cook Islands",662-767-244,563-718-843,"Bahringer Group",schamberger.com,"Marking Clerk",purple,2023-04-21,dusty51@hill.com,8QY=R]
2ae383a5-fc37-378c-9acb-36ff813b7892,Mr.,Brooks,Walker,"63/37 O'Connell Village","Feest Ville","Cagayan de Oro",Nebraska,Mongolia,128-380-234,473-061-224,Kilback-Simonis,upton.com,"Mathematical Technician",purple,1988-03-14,domenic.legros@oberbrunner.biz,h==f@nYs
7d004a06-7c7a-3bea-bf71-80211a00527b,Prof.,Pearline,Jacobs,"18/76 Considine Mountains Apt. 892","Aufderhar Walks",Cadiz,Kansas,Malaysia,746-974-683,084-618-299,Davis-Labadie,herzog.com,"Set Designer",aqua,2006-03-13,brittany.grant@hettinger.com,5HzoNzF/>
b1c9453f-99f8-361f-9cfc-22b88eb55786,Mrs.,Ena,Franecki,"58/26 Satterfield Prairie","Sporer Plaza",Sipalay,California,Pakistan,733-300-224,104-248-832,Metz-Hyatt,brekke.info,"Forest Fire Fighter",olive,1972-01-26,gfriesen@herman.com,q<FIj$R{qy[[?&Qbx
38185a8b-8a4b-3736-ada0-157a69132f15,Dr.,Dora,Metz,"40/28 Hills Canyon","Connelly Dam",Naga,Arizona,Mongolia,497-850-617,820-125-342,Cartwright-Smitham,quitzon.com,"Sales Engineer",blue,2008-04-07,lgrant@yahoo.com,"c%I?(^YFqM,"
0cb542ff-e0cd-37fa-91ec-309ee2f7dac4,Dr.,Mariane,Schulist,"45A Stamm Crescent","Rau Isle",Cabanatuan,Georgia,"Sri Lanka",830-888-991,193-499-574,Hansen-Wilderman,ziemann.org,"Gaming Manager",maroon,2006-06-22,kirk57@hotmail.com,9fk19X8o2jw;uby.
9a4e69d8-b70b-3e6f-982c-9b077e44c714,Prof.,Bernadine,Price,"46 Emard Rapid Apt. 229","Roob Estates",Lipa,"New York",Niue,060-060-646,785-384-228,"Halvorson PLC",lindgren.com,"Athletes and Sports Competitor",teal,1984-10-27,terry.winnifred@haley.com,"!7G_}>?,dbZcU9P'"
95b15cd1-0772-39a3-b1f5-5eebe40b603a,Mr.,Verona,Crona,"18 King Garden Apt. 699","Schamberger Orchard",Lucena,Minnesota,Timor-Leste,608-457-556,745-549-492,"Schaden PLC",wisoky.info,Shampooer,silver,1974-01-22,lsporer@yahoo.com,orc91#$I[@T;m6V;!+w
3c92dfbd-21f0-3dcd-ba8a-1b9b7c9b3702,Prof.,Arnulfo,Hettinger,"74 Schmeler Stravenue","Friesen Station","San Fernando",Minnesota,"Falkland Islands (Malvinas)",176-188-181,756-648-375,Graham-Schmitt,hills.com,"Rolling Machine Setter",lime,2003-07-23,graciela.kris@hotmail.com,-y5W{+?
43f0be16-8816-3b6e-a89f-73680934c81a,Dr.,Jeff,Huel,"59A/90 Gerhold Lane Apt. 242","Ferry Inlet",Samal,Wisconsin,"Christmas Island",248-333-848,305-580-717,Mitchell-Kertzmann,mccullough.com,"Real Estate Appraiser",olive,2004-08-08,qjaskolski@mckenzie.com,"rTUmpt,KD-y<sJ{+y"
a62a8673-bb81-3901-9b50-a37e79c12a8c,Prof.,Angela,Tromp,"47/53 Keeling Causeway","Bartell Views",Calamba,Missouri,Korea,434-189-825,497-830-258,"Roberts, Carter and Stiedemann",bayer.biz,"Employment Interviewer",yellow,2006-02-28,clint.bins@schaden.com,"M?_#$+GX.Z%9q+f"""
582205f2-cad8-3a57-9708-be46d16037ea,Mr.,Leone,Kris,"63/50 Olson Curve Apt. 947","Boyer Estates",Imus,Arkansas,Chile,386-753-509,157-186-732,"Weissnat, Tromp and Boyer",leannon.com,"Cleaners of Vehicles",silver,2012-11-16,saltenwerth@gmail.com,"q@2fv&r""2s\}"
17cc3b95-9f55-31b0-919c-8167e4783d4d,Mrs.,Lemuel,Satterfield,"96/71 Hill Keys","Jakubowski Shores",Tanjay,Mississippi,Kazakhstan,471-230-848,748-338-084,Streich-Yost,hammes.com,"Zoologists OR Wildlife Biologist",maroon,2023-03-03,bednar.jude@yahoo.com,_kEL_p#k2<
27cb0931-3362-393b-b28a-49697edca8fc,Prof.,Caden,Wyman,"51 Windler Turnpike Apt. 627","Rice Estates","Zamboanga City",Alabama,"British Virgin Islands",281-008-071,928-169-274,Rempel-Ritchie,gerlach.com,"Food Cooking Machine Operators",blue,2013-01-01,okeefe.rocky@gmail.com,"$q%R*C,"
a58ffc18-6fc3-35fe-8029-0c8f96e2352c,Mr.,Bertrand,Dietrich,"42/54 Turner Drives Apt. 346","Christiansen Overpass",Cauayan,Wyoming,Tokelau,104-057-903,969-224-907,Bartell-Satterfield,mcglynn.org,"Technical Director",olive,1981-07-04,ivory82@braun.com,KO.0rnq
55a9be6a-6bde-382b-a0c6-4922fe5b9af3,Mr.,Cayla,Cruickshank,"21/10 Hill Centers","Haley Courts",Digos,Washington,Uruguay,516-284-755,189-756-162,"Howell Ltd",koss.org,"Communications Teacher",navy,2011-03-10,mwyman@yahoo.com,$mg<S[&}v)r[2vDpy2
784cef69-0ded-3e95-8de3-3fdbabaae7cc,Miss,Demond,Russel,"41A Cummings Island Apt. 322","Mann Plains",Lipa,Michigan,Egypt,298-172-093,086-315-543,"Berge, Boyer and Herman",nolan.com,"Radar Technician",black,2023-05-13,xhegmann@gmail.com,txHW+CE6j
6cecf09d-6dc2-3103-8b53-2c41810b9dc4,Mrs.,Zella,Bartell,"64A/18 Bogan Creek","Kuphal Radial",Bacolod,Montana,Armenia,825-255-140,106-572-729,Rippin-Ruecker,dibbert.info,Trainer,fuchsia,1982-06-06,zackary.lakin@barrows.biz,`cp?dA]0z
b91d03b2-3525-3838-91a6-73cb0b764fec,Mrs.,Casimer,Abbott,"55/64 Wuckert Street Apt. 807","Hauck Summit",Himamaylan,Kansas,"Saint Kitts and Nevis",402-156-128,420-049-873,"Herman, Ferry and Windler",torp.info,"Telecommunications Facility Examiner",green,1986-01-29,caleb29@yahoo.com,KmkUWAokyH@vjLDHBk
7f3ca7c9-f4cf-3118-b684-efe91a761279,Dr.,Orpha,Nienow,"73/18 Howe Ways Suite 731","Pfannerstill Valleys",Cadiz,Alaska,"Netherlands Antilles",432-563-824,748-866-227,Heaney-Stark,boyer.com,"Rolling Machine Setter",blue,1978-11-22,xwisoky@hotmail.com,izj}26F23YR
c26abef7-0b07-37a2-9458-042c1b2c4f5b,Prof.,Virginie,Reilly,"83A Ratke Groves Apt. 665","Kuhic Plains",Koronadal,Massachusetts,Seychelles,527-116-513,629-378-758,Ebert-Breitenberg,auer.info,"Poet OR Lyricist",purple,2017-11-08,austyn.okon@yahoo.com,"_//3ej^3]WJU4?lUH"""
afa04fb9-8990-311a-b5a9-c4a5b802c1ec,Dr.,Daniela,Kreiger,"99A/93 Botsford Cove Suite 543","Williamson Forges",Legazpi,Oregon,"Costa Rica",442-441-020,602-175-471,Mayert-Swift,murazik.com,"Fabric Pressers",teal,1984-01-06,cyundt@waters.com,"'Mx~8`5r}""m{c"
99c10c4d-2acf-3705-91b4-88f3c6bea634,Dr.,Else,Wisozk,"06A/12 Kulas Well","D'Amore Street","Puerto Princesa",Connecticut,Burundi,404-381-012,686-752-191,"Dickinson, Reynolds and Steuber",ebert.com,"Petroleum Pump Operator",gray,2006-08-05,wmoore@daugherty.com,"=4=n5)I-O03Z?^DCuz\O"
3890bc74-d481-3830-a228-e5bab3376fd9,Dr.,Newton,Nader,"10/65 Zemlak Pass","Harris Mall","San Jose",Michigan,"Cook Islands",245-943-252,742-263-995,Senger-Toy,boyle.info,"Parking Lot Attendant",black,1979-01-20,kshields@reynolds.info,'plpf@mq5nW
1aa1ef87-08fb-34c1-88f4-3637d776cea6,Prof.,Rosemary,Brakus,"72/44 Sanford Village Apt. 399","Huels Junction",Lipa,Ohio,Liechtenstein,174-450-460,048-130-260,Kiehn-Towne,kuhic.org,"Credit Checkers Clerk",aqua,2013-05-27,hartmann.emilia@murray.net,nO}7o93yGY
61602087-6c07-35fe-af91-67889cc160dc,Prof.,Samson,Farrell,"82 Medhurst Stream Suite 158","Ward Canyon",Iligan,Minnesota,Greece,983-649-746,464-207-328,"Boyle and Sons",johns.com,"Entertainment Attendant",white,1979-04-23,crystel.olson@ohara.com,"7qa,=lE7*nF''"
9e61fee0-f16d-35e3-a2f4-4bf6c5c0b70c,Mrs.,Dedric,Frami,"22/54 Kovacek Ridge","Gerhold Village",Panabo,"New Mexico",Luxembourg,251-907-424,348-905-199,Ruecker-Harber,blick.com,Pipefitter,black,1989-01-07,erna34@kiehn.biz,"qFD/,iyjTN6@@b]:L17c"
bc6a8c9f-c25f-3fa0-a8b5-ecb527f79c78,Mr.,Ava,Smith,"55 Gutkowski Ramp Apt. 707","Kub Expressway",Kidapawan,Louisiana,"Wallis and Futuna",186-923-605,776-089-575,Lebsack-Lesch,bogan.com,Courier,fuchsia,1981-07-22,tlemke@hotmail.com,C2sW_`
8d798cc8-dad5-3c65-bd34-3b22c4eb6883,Mr.,Elisha,Jenkins,"11/25 Cassin Pass","Rodriguez Knoll",Marikina,Nebraska,"Saint Martin",911-821-262,590-678-674,Moore-Emmerich,marquardt.com,"Life Scientists",lime,2007-11-04,america74@yahoo.com,",XS($P16#(O&1ES`"
a278ea4f-db4c-39a9-a860-563a5f0f0746,Dr.,Nellie,Roob,"27 Glover Burg","Schamberger Throughway",Gingoog,Minnesota,"Puerto Rico",205-629-669,004-946-655,"Boehm, Jacobson and Barrows",kautzer.net,"Municipal Clerk",lime,2007-08-31,karson24@hotmail.com,[Z4'E2B44d8ZGZ+%2l$
28d80ea2-5ec8-3717-8139-42f12aca067f,Ms.,Matt,Upton,"57/75 Reichel Terrace Apt. 435","Halvorson Lodge",Lucena,Nevada,Samoa,693-470-262,535-091-325,"Torp, Wiegand and Beer",hauck.com,"Fitness Trainer",white,1995-01-06,kip.kirlin@hotmail.com,+pyWAzN~07-6
b7797ffe-6cdc-37b0-accb-a2825507f3e5,Prof.,Cecile,Anderson,"45 Kris Mount","Stehr Plain",Samal,Ohio,"Cook Islands",447-818-211,751-947-502,"Klocko and Sons",stiedemann.org,"Building Cleaning Worker",lime,1990-12-05,nikki41@jaskolski.info,k6=f4Koq/FSy;j
6dbde6b1-fc58-3a00-b8da-cd91b7b2c732,Miss,Itzel,Emmerich,"31A Green Circles","Waelchi Well",Laoag,Georgia,Belize,136-401-018,923-264-121,Sauer-Crona,schiller.com,"Logging Tractor Operator",fuchsia,2018-10-13,jonas.nader@bashirian.org,f6Ro0<<!1
5f881d81-b827-3392-99a4-555311857cfa,Dr.,Molly,Hagenes,"43A Krajcik Forges Apt. 111","Wisoky Drives","San Carlos",Nevada,"New Caledonia",386-904-673,645-068-137,Buckridge-Eichmann,ziemann.biz,"Reporters OR Correspondent",white,2009-09-13,harber.merle@gmail.com,"_1acR""1u$j+`Bv+|*X/"
dab6bd5a-834c-3d75-88ef-c6647cf368b9,Dr.,Brett,Kiehn,"28A/31 Stehr Station","Reilly Station",Isabela,Utah,Benin,115-125-730,319-374-104,"Grady, Block and Little",legros.info,"Locomotive Engineer",maroon,2005-08-04,brenda.goyette@hotmail.com,"A]_ak!J);,T:F`"
4e83b30c-91a0-3311-a77d-9fd7675bb077,Prof.,Jessika,Abbott,"68/22 Shanahan Passage","Nikolaus Way","Santa Rosa",Alabama,Tonga,803-589-212,600-409-224,"Satterfield LLC",feeney.com,"Environmental Science Technician",purple,2000-06-14,gerdman@hand.com,"hJf%p,4bc"
24713b4d-f554-3a62-a910-a3c3e356fc88,Miss,Edwardo,Nolan,"68A Schumm Mountains","Pacocha Branch",Bislig,Arkansas,Mauritania,730-702-383,201-997-225,"Hayes and Sons",mante.net,"Portable Power Tool Repairer",maroon,2022-06-17,gleffler@von.org,"2/>by=,*x(V/}"
ff016d35-b02f-3cf1-a1f5-7ab61884ac26,Mr.,Gavin,Prosacco,"73A Beier Forest","Harber Squares",Naga,Kansas,Tajikistan,331-039-014,793-980-382,"Wolf, D'Amore and Legros",turner.info,"Mine Cutting Machine Operator",aqua,1983-05-13,jalen01@okuneva.info,g]utX[$*r$wAA;}(3]`
4beae711-6708-385a-9532-6bee9fbbbfe4,Prof.,Shannon,Conn,"48A/58 Beer Shoals","Wilkinson Parkway",Legazpi,Michigan,Oman,619-987-288,491-167-240,Collier-Herman,barrows.org,"Textile Knitting Machine Operator",purple,1981-06-21,kfunk@donnelly.com,",4TcUbkT*y&Bw"
379b84be-b84d-3054-837a-de3d986da757,Ms.,Lesly,Kovacek,"43A/38 Walsh Inlet","Kris Locks","San Jose",Florida,Iceland,023-924-584,343-208-792,"Pacocha, Jakubowski and Sanford",kreiger.com,"Insurance Appraiser",black,1979-09-04,rylee12@hotmail.com,"\Lq,?P,"
cae36c65-78d0-3973-a27f-725be058b50c,Miss,Brown,West,"81A Bartell Run","Weissnat Flats",Imus,"New Jersey",Macedonia,850-796-115,084-194-446,"Skiles LLC",turcotte.info,"Title Abstractor",aqua,2021-12-26,theresa66@yahoo.com,^TpNUSGN
0994c2cb-9850-317b-931b-1ff39535b8da,Prof.,Corine,Romaguera,"11 Hintz Stravenue","Auer Dale","San Fernando",Alaska,Nepal,308-714-973,834-039-677,"Zieme Group",oreilly.biz,"Physical Therapist Assistant",teal,2013-02-27,jkessler@gmail.com,;f[$e>9V6L0`5c3
87c722c0-1d60-3952-b2cc-2e24d38a1216,Miss,Moses,Schimmel,"91/62 Johnston Plaza Apt. 918","Lindgren Stream","Cavite City",Utah,Turkmenistan,508-220-686,936-162-838,"Littel, Reynolds and Stokes",buckridge.com,"Soldering Machine Setter",green,1978-08-27,mohammad24@gmail.com,te3}Q>AyI~m{rLF
f4e24ecf-5d6b-35f8-9c7c-043db944161e,Dr.,Zachary,Schaden,"47 Hoppe Neck Apt. 794","Berge Camp",Dipolog,Pennsylvania,Benin,861-015-686,066-735-229,"Lakin, McKenzie and Bins",zulauf.net,"Communications Teacher",black,2017-06-10,sonya99@hotmail.com,"9\'?LY]ST^:\"
561e0b65-e3e6-3173-be16-fe2ae515e935,Mrs.,Columbus,Heathcote,"72A/02 Kulas Prairie","Braun Mill",Tabaco,Connecticut,Argentina,738-626-894,921-308-196,Mraz-Marquardt,haag.org,"Extruding and Drawing Machine Operator",blue,1999-12-10,bdare@yahoo.com,@*4Mh;RB
eef01909-8631-39fe-ae60-12f81e59625f,Miss,Miracle,Waters,"49A/52 Lockman Islands","Langworth Ferry",Pasig,Illinois,Algeria,080-244-945,919-848-525,Heathcote-Rowe,robel.biz,"Clinical School Psychologist",green,1973-07-19,jimmie85@abshire.com,",}OZnp;@$ht.E!(,i"
beec4e77-a3e4-37a5-a6dd-c1e7b3e2a14f,Prof.,Molly,Ortiz,"98/57 Jakubowski Green","Volkman Knolls",Toledo,Arizona,Cambodia,678-008-878,721-141-599,"Beier PLC",harvey.com,Plumber,lime,2021-02-13,emmy.kerluke@crona.net,#).u`g
379d6ba4-9cba-3b99-b735-ec0e898425b5,Mr.,Roger,Mills,"56 Rowe Rest Apt. 642","Nitzsche Trail",Guihulngan,Alaska,Colombia,540-174-809,225-800-247,"Schneider Ltd",jones.com,"Crossing Guard",black,2001-10-03,feeney.donnell@yahoo.com,"zXr5'k\7Uf>9ehY-U"
fc2caceb-952b-36b7-889e-9ed191455aaf,Ms.,Walter,Mayert,"54 Kilback Mills Suite 535","Champlin Turnpike",Victorias,Wyoming,"Puerto Rico",316-002-720,031-128-897,"Brown, Runolfsson and Gislason",sipes.biz,"Airfield Operations Specialist",yellow,2000-05-05,athena.dibbert@yahoo.com,"%|""rP!B++,OD}m-c^"
16549e01-c024-3b6e-b1ff-7bf22d712b44,Prof.,Vivien,Rodriguez,"60A/81 Skiles Circle","Koss Port",Gingoog,Illinois,Guyana,269-012-621,323-186-821,"Hackett, Jenkins and Altenwerth",mosciski.com,"Wholesale Buyer",green,1982-11-25,bailey.skiles@gmail.com,3rh_juhPjS%nmiYS;
4e0412f4-e2f0-34e6-8c4c-38121943e08a,Miss,Daron,Dickens,"01A/57 Swaniawski Park","Sawayn Village",Bogo,Georgia,Oman,046-591-033,650-991-249,"Bahringer, Schneider and Heaney",goodwin.org,"Conveyor Operator",yellow,2021-06-11,ted33@gleichner.com,5&/*z7L
31c45630-8b89-3c3c-833f-5d3240bace58,Prof.,Roma,Bartoletti,"57A Shields Canyon Apt. 609","Hyatt Parkways",Mandaluyong,"West Virginia","American Samoa",439-091-009,252-965-366,"Runolfsson Inc",lang.com,"Mechanical Drafter",aqua,1999-07-11,alba55@gmail.com,<7U7^lBM>qwHV~()/{X
0d6e017d-5b82-3ec3-9e3d-67e82bef8ad4,Prof.,Alta,Volkman,"37/69 Gorczany Villages","Bins Via",Calbayog,Wisconsin,Panama,986-880-482,910-819-232,Cormier-Huels,okon.biz,"Extruding Machine Operator",fuchsia,1974-04-25,thowell@conroy.net,1B@X<2j(Od<!#wB
843a3376-5bdd-3c18-a465-2bd20fe7b1fc,Prof.,Zachary,Jakubowski,"31A Harber Parkways Apt. 090","Goldner Tunnel",Ozamiz,Georgia,Kuwait,495-991-548,959-961-336,"Schmidt, Bosco and Wintheiser",adams.com,"Conservation Scientist",blue,1995-01-24,whitney86@hodkiewicz.com,]oV1@B7
80e8f186-115f-3fb9-b0c2-ec0541d42d56,Mr.,Dylan,Brekke,"43A Heller Shoals","Bahringer Island",Dapitan,Idaho,Cuba,006-131-183,412-944-382,"Kuhic LLC",reichel.org,"Machine Feeder",olive,2022-06-23,betty.okuneva@mcdermott.com,9uShjL={
4fe47903-254a-3824-a542-ce75f98e9b71,Dr.,Makayla,Nikolaus,"31 Koepp Orchard","Torp Mews",Cadiz,Nevada,Nauru,211-942-277,340-161-760,"Stanton PLC",borer.info,"Nuclear Technician",black,1991-02-28,nyasia.legros@yahoo.com,pju33fJxq7C)|m`
3b72c0d9-a268-3f14-a0d5-785c0d6287fd,Miss,Lonnie,Shields,"18 Langosh Ridges Suite 755","O'Reilly Meadow",Mandaluyong,Minnesota,Italy,523-762-386,435-719-493,"Champlin, Ferry and Bergstrom",altenwerth.com,"Petroleum Pump Operator",purple,1978-02-16,xlebsack@schowalter.com,"Vm.&@2{Z!2\Kt/R~Z7\t"
0f86223e-65b6-3b0b-b8fb-a87e2847e5a8,Dr.,Keeley,Fahey,"65 Franecki Highway","Cummerata Fields",Tandag,Michigan,"Bosnia and Herzegovina",220-248-476,252-038-735,"Wiza, Boehm and Kihn",bergnaum.info,"Insurance Appraiser",green,1988-07-04,schumm.columbus@hotmail.com,p3MsrP0$U
6d4c6375-3a2a-3977-a0bf-6243505a420c,Mr.,London,O'Hara,"33A/06 Herzog Estates","VonRueden Estate",Baguio,Tennessee,Japan,996-859-315,866-750-586,"Wyman, Leffler and Strosin",stokes.com,"Deburring Machine Operator",silver,1994-06-22,ycummerata@metz.com,H+);bpT6cb>W=jc2Ud
c0dd2a00-89b9-3dac-8960-ed56801191f3,Prof.,Vella,Douglas,"68 Zemlak Manors","Luettgen Ways",Bacoor,Nebraska,Netherlands,939-759-364,044-075-969,Denesik-Bauch,carroll.com,"Respiratory Therapist",purple,1976-10-27,bogan.nova@heidenreich.com,d;;'En?)F|
b54ee74d-e292-345e-8638-26e5d23f8068,Mr.,Pearline,Shields,"16/90 Weissnat Ferry","Lemke Squares","San Jose del Monte",Arizona,Eritrea,660-058-757,342-483-145,"Orn PLC",rice.net,"Healthcare Support Worker",blue,1984-10-13,bins.rocky@yahoo.com,v4{E+Vh'gY$w4
4e5f7e27-3501-3bb5-8e64-260719c19461,Prof.,Sandy,Zulauf,"01A/84 Wiegand Center","Medhurst Crest",Victorias,Idaho,Mayotte,983-692-952,254-012-026,Gusikowski-Gaylord,shanahan.org,"Gaming Supervisor",black,1993-05-29,kassulke.marian@yahoo.com,f-n&LZ
e644ab2b-1fba-340f-a099-7e6ac9f316cf,Ms.,Rae,Dickinson,"37 Cormier Cliff","Sipes Drive",Iligan,Louisiana,Palau,679-009-961,565-205-765,"Feeney, Lemke and Bergnaum",romaguera.com,Sociologist,blue,2004-12-06,rwaters@hansen.com,w[=pz[7x9l;6<e[
b9500fe9-4cf3-3974-999a-4eef629c967f,Mr.,Trevor,Leannon,"47/75 Rodriguez Pines Apt. 003","Bode Turnpike",Taguig,California,"Faroe Islands",808-205-237,106-512-772,"Baumbach Group",veum.com,"Soldering Machine Setter",teal,1976-03-07,claudine39@yahoo.com,h}/H:e}x{q4z40~
c460f465-adaa-3418-a003-290a33501179,Miss,Craig,Emmerich,"63A Davis Estates","Tremblay Glens",Tacurong,Minnesota,"Central African Republic",340-568-365,478-505-588,Emard-Hickle,schowalter.com,"Computer Programmer",aqua,1989-06-23,jordi.ortiz@glover.com,5`rKHE+'v{
9d46925a-0a30-3309-b4ca-5d95d95b0c16,Prof.,Faustino,Hansen,"16 Feeney Bridge","Beer Rapid",Tacurong,Wyoming,Iraq,483-724-068,066-274-802,"Schoen, Raynor and Reinger",monahan.com,Archivist,green,2012-08-28,esther33@gmail.com,|A=Eb.(
e6bb14bc-be26-3b4a-9d93-33cf644afe8f,Prof.,Piper,Watsica,"16A/57 Stroman Squares","Runolfsdottir Harbor",Biñan,Nebraska,Mauritius,288-925-805,057-450-164,"Towne LLC",schmeler.com,"Environmental Science Teacher",green,2011-12-06,gkeeling@yahoo.com,{U+F!w
8865ef90-f446-36b3-834c-916c45395d1d,Mr.,Rhett,Orn,"46/32 Kuhlman Valleys Suite 728","Kemmer Highway",Tabaco,Indiana,Azerbaijan,563-990-832,199-479-710,McClure-Leuschke,zboncak.com,"Electrical Engineering Technician",purple,2006-01-31,bosco.carmella@hotmail.com,Rjg``Xn
4be05e5b-605b-37b0-901e-cbf16573a43b,Prof.,Dorthy,Kris,"72 Hermann Summit Apt. 220","Mante Lane",Cadiz,Tennessee,"United States Virgin Islands",419-828-653,902-017-175,"Reinger, O'Hara and Watsica",little.org,"Visual Designer",yellow,1982-11-12,cbeahan@boyer.com,hlDS`VWXon[
3f59a36b-2efd-32f4-9dbc-e65b96988d8b,Prof.,Autumn,Morissette,"95 Parisian Land Suite 650","Jacobi Fork",Bogo,Alabama,Luxembourg,337-662-701,189-244-525,"Lueilwitz, Toy and Jenkins",dare.com,Podiatrist,yellow,2009-07-16,xthiel@yahoo.com,"].OKqc)n\"
82ac816b-93e9-391e-8977-8f641a8c6f11,Prof.,Caleigh,Kuhic,"55A Klocko Ranch Apt. 987","Hackett Shoals",Lamitan,Oklahoma,Niue,386-510-049,744-704-707,Jacobi-Murphy,mayer.com,"Computer Support Specialist",yellow,1997-10-18,schaden.araceli@gmail.com,|KmkvC/Hq]/T*Jos*f
b0fb868f-b505-34c1-8101-3f0e9346e438,Miss,Layne,Kreiger,"98A Gusikowski Centers","Spinka Roads",Marawi,Nebraska,Bermuda,895-790-949,840-795-046,"McDermott, Grimes and Eichmann",corkery.com,"HVAC Mechanic",silver,2006-05-15,florence.parker@gmail.com,]>*|$$[~%
1e6fdad1-bc22-38ef-9846-f4f800593762,Mr.,Cade,Treutel,"18 Hickle Junctions Apt. 322","Bergstrom Loop",Gingoog,Tennessee,"Burkina Faso",995-195-691,719-676-571,"Adams, Strosin and Hauck",mraz.com,"Military Officer",maroon,2013-09-13,goldner.ardith@reilly.net,s9?t+L54^AfYC
72184269-f1b6-3266-9134-f0b0198184ca,Mr.,Kylie,Hermann,"68A Pollich Groves","Corwin Point",Cadiz,Maryland,Zimbabwe,412-184-116,213-180-723,"Strosin, Stark and Ernser",stiedemann.com,"Tool and Die Maker",white,2008-07-03,plarson@yahoo.com,vB$:m`I)
f0e4fc00-95d5-34f7-9589-962150529071,Mrs.,Alberto,Kshlerin,"30/65 Pouros Mission Apt. 077","Stiedemann Streets",Pagadian,"North Carolina",Albania,033-219-241,340-718-754,"Robel Group",leannon.biz,Actuary,green,2000-05-28,sjacobs@gmail.com,z|Y[>]'Jl|f_>
941a4d54-22b8-3346-9db9-68dbc7c54533,Dr.,Braxton,Swaniawski,"40 Feest Crossing Apt. 702","Farrell Knoll","Batangas City",Maryland,Algeria,574-998-129,948-820-644,"Pouros and Sons",kreiger.com,"Utility Meter Reader",lime,1976-10-24,rodriguez.issac@wisoky.com,>B^!~p?<c>+28xygR1
6cd2e5f1-7f48-3f50-905c-4118e55a178c,Dr.,Marguerite,Swaniawski,"56 Lehner Loop","Wisozk Loop",Lamitan,Kansas,Kazakhstan,391-125-064,603-556-265,Kertzmann-Wehner,streich.com,"General Manager",white,1996-02-23,thiel.vance@gmail.com,"fZQwu4XmakB""Z"
81b0d746-2ddb-3f05-a9b4-7f89fdf69080,Dr.,Elijah,Beahan,"21/87 O'Hara Vista Apt. 161","Mayer Street",Kidapawan,Indiana,Martinique,222-566-522,402-817-587,Haag-Buckridge,daugherty.com,"New Accounts Clerk",white,1991-12-21,johnathan.anderson@yahoo.com,":?~4Le>Mi6$N""+zDs8z"
cca52666-a9b1-36a9-9b06-f3c6c15a21ae,Dr.,Emma,Tromp,"33A Vandervort Manor Suite 875","Wolff Shore",Baguio,Maine,Somalia,711-739-044,195-933-053,Willms-Gerhold,renner.net,"Claims Taker",lime,2017-02-16,felix64@hotmail.com,iqHs@uWg2#1
3990d18d-50a7-34c9-bcc6-55acee86a1d6,Mr.,Jeanne,Reichel,"77A/95 Rempel Street Apt. 988","Wilkinson Orchard","San Jose del Monte",Mississippi,Uruguay,462-031-816,864-378-590,Kiehn-Reilly,lang.net,"Crossing Guard",teal,1982-01-15,kemmer.tierra@gmail.com,>U?WDh7e?c6?
17683c56-15d1-39d9-9669-3b38916c3230,Dr.,Gretchen,Trantow,"80A/56 Rohan Trace","Rau Parks",Calapan,Pennsylvania,"United States of America",012-837-537,798-063-583,Schowalter-Skiles,balistreri.org,"Database Manager",purple,1972-11-14,clementine.bechtelar@hotmail.com,fOAI~8y)o.:jL#
66db9e25-30e5-3f02-a682-859364d2a27e,Miss,Jarret,Batz,"53A/82 Keeling Crossroad Suite 140","Koepp Locks",Baguio,"New Hampshire",Latvia,498-914-881,873-439-590,"Paucek, Walker and Lakin",abernathy.com,"Law Teacher",silver,1984-03-05,melody79@simonis.com,tfyMuH29;M2[Y.~?L
5cd00671-6aa4-320e-bc03-64797cd5c412,Prof.,Cornelius,Mayert,"17A Balistreri Turnpike Suite 395","Heathcote Extension",Naga,Delaware,Congo,660-566-555,878-980-505,Armstrong-Hickle,conroy.com,"Agricultural Crop Worker",white,1976-01-30,jay.mante@gmail.com,3^Z3ikLIpni}$
8fafe0d7-d402-3eb3-a2ed-6d33b5c406b0,Mr.,Kattie,Emmerich,"29 Pollich Radial Apt. 581","Rogahn Plains",Iriga,Washington,"Palestinian Territories",866-465-341,728-024-820,Mueller-Kovacek,baumbach.com,Teacher,silver,2006-11-01,ullrich.osbaldo@yahoo.com,5bLH3Od3xom6
f6acb025-99f8-34a9-bda8-9f0dc8c0520d,Miss,Toni,Krajcik,"28A/03 Halvorson Villages Suite 604","Armstrong Place",Dagupan,Delaware,Namibia,530-328-290,003-242-186,"Streich LLC",koss.org,"Precision Dyer",yellow,2014-05-06,inienow@rice.com,yHvAicqqZ-myIjfR$=@
fbfbe278-4b24-3754-9fff-4818670e9ae5,Prof.,Annamae,Koss,"79 Jacobi Hills Suite 636","McDermott Alley",Meycauayan,Oregon,"Slovakia (Slovak Republic)",379-382-451,687-225-088,"Watsica LLC",shanahan.com,"Municipal Fire Fighter",yellow,1971-07-19,leuschke.verlie@sporer.net,b0]T97$Fy#t4
eecded77-e742-3a7e-8af3-68a1ef6e7113,Prof.,Zion,Bode,"98A Cole View","Kuhn Plaza","General Santos",Alabama,"Hong Kong",505-528-057,774-019-050,"Corwin, Quigley and Mueller",hamill.com,"Business Development Manager",lime,1972-02-03,derrick56@yahoo.com,"\)|l+taTPVaWGf;"
bb939d47-5e52-363b-88da-8d8f29daad40,Mrs.,Mandy,Bode,"47A/05 Sanford Inlet","Bartell Spurs",Mandaluyong,"New York",Martinique,184-294-671,636-075-010,"Shanahan, Batz and Schaden",stark.com,"Diesel Engine Specialist",teal,1983-10-10,mireille.davis@fadel.com,uT3Al:=|<(;gc--PAa
e6c96eee-d350-3ee3-81ae-f2d6db9d7e11,Prof.,Lincoln,Bradtke,"77A/68 McGlynn View","Predovic Lakes","San Carlos",Alabama,"United States Virgin Islands",500-218-788,234-744-470,"Gorczany, O'Reilly and Carroll",dicki.org,"Registered Nurse",teal,1974-11-25,cummings.magali@yahoo.com,*Gl)wVSd:9d<pbp`
36e12b8e-78f0-388d-a2ff-e04737a02d74,Dr.,Sibyl,Gusikowski,"92 Kilback Crossroad","Blick Vista",Calapan,Connecticut,"Cook Islands",317-110-990,660-162-894,Bins-Grimes,huels.com,"Safety Engineer",silver,1995-08-24,mraz.velma@yahoo.com,H0/B/){5(I?XXz[)
e1aebe85-c61b-37dd-96e3-97100921bc7c,Mr.,Xzavier,Schuppe,"24 Rutherford Ports Suite 440","Crooks Roads","Surigao City",Illinois,Fiji,396-245-577,694-996-717,"Windler Inc",leffler.com,"Photoengraving Machine Operator",aqua,2014-04-08,juwan.brekke@okon.com,$bO)P.
0b838b50-cfac-3080-8fc4-3e1bd41d5415,Mr.,Ida,Reichert,"57A Turcotte Stravenue Apt. 486","Bogisich Court",Caloocan,"South Dakota","Western Sahara",016-628-137,418-523-495,"Daugherty, Mohr and Heathcote",sporer.org,"Producers and Director",lime,2021-12-08,wolf.lynn@sauer.net,K|6N/]
cb0bbd50-3c62-3fe0-b7d9-4780c7d99eba,Dr.,Lillian,Pfeffer,"96 Stamm Port","Abbott Flats","General Santos",Kentucky,"Netherlands Antilles",736-073-069,438-727-342,Treutel-Gusikowski,gottlieb.com,"Welder and Cutter",gray,2010-08-11,runte.troy@gmail.com,vzw!XskTnPDm
68e73d43-42c5-3934-84d0-a6d9682cd6ad,Ms.,Willie,Gorczany,"04A/89 Feest Key","Farrell Extension",Oroquieta,Montana,Bhutan,762-285-024,980-807-105,Turner-Runolfsdottir,hoeger.com,"Producers and Director",black,1988-04-07,doyle.oreilly@sipes.com,"7hr(-SBRYf=;_5ecYu,r"
fce5f63c-3e30-316a-9273-ad8bc2f9f287,Miss,Abagail,Pacocha,"86 Kuhn Lock","Wiza Mission","Cebu City",Nebraska,"French Guiana",667-611-465,463-062-558,"Langworth Inc",hartmann.info,"Logging Worker",green,1995-12-23,kenya.kreiger@kessler.info,oPq'fePck
0d22e4d5-faa3-3c71-b7ed-abd8077d3f3f,Dr.,Lacy,Boyle,"93 Roob Creek Suite 063","Mueller Land",Tagum,Ohio,Suriname,365-975-804,270-025-631,"Armstrong, Olson and Altenwerth",ondricka.net,"Fishing OR Forestry Supervisor",yellow,1984-02-25,hirthe.savannah@hotmail.com,"\-KDRWaT/$V4;rBd^t"
62d2b2f5-539b-30e4-adc8-d4ee92faf924,Mr.,Kiera,Moen,"38A/11 Koss Trail Suite 507","Hartmann Meadow",Legazpi,California,"Antigua and Barbuda",663-857-196,065-700-099,"Rath, Towne and Blanda",rutherford.info,"Electrical Power-Line Installer",olive,2000-08-15,bauch.maureen@hotmail.com,u]`D@-u4B
96f7cc63-cddc-3b6e-8181-1681ab181e5a,Prof.,Marjolaine,Murazik,"75/71 Corkery Fort Apt. 335","Goodwin Junction",Valenzuela,"West Virginia",Serbia,306-019-625,725-172-578,Rempel-Spinka,bailey.biz,Sailor,aqua,2009-10-24,jayson.lowe@schamberger.com,RqBuZ;
b6344d9d-7b3a-3daf-b6d1-fa094629adb6,Mrs.,Eliane,Cartwright,"15A/59 Ryan Rest","Gutmann Spring",Marikina,Wisconsin,"Czech Republic",492-007-354,205-186-890,"Crooks, Renner and Hill",funk.com,"Boat Builder and Shipwright",olive,1972-05-18,qgoodwin@kunde.com,_P]Tk~
d65b74e5-2981-3c66-a277-37ff11d284fd,Mr.,Elda,Hill,"35A/12 Orn Bridge Suite 650","Lynch Fields",Dagupan,California,Austria,267-114-095,739-326-938,"Brown, Cassin and Nikolaus",tremblay.com,"Music Director",aqua,2004-11-07,wgreenfelder@yahoo.com,"\@<(I,L/[)a\*"
6811c2c6-188b-3060-8533-fd751f33ef34,Ms.,Sandra,Homenick,"07A Hayes Pines Suite 136","Olson Crossing",Digos,Tennessee,Cambodia,539-198-554,594-822-069,"Zulauf, Berge and Funk",pacocha.com,"Explosives Expert",teal,2011-01-20,weimann.cicero@hotmail.com,+4&g=Fv]'=~
185c5624-9c45-3b32-bd90-ed4bde8dbd3d,Prof.,Bernita,Schimmel,"95A/00 Abbott Glens","Schiller Coves",Tacloban,Hawaii,Mozambique,308-923-407,691-359-573,Spinka-Blick,schmidt.com,Buyer,navy,2013-12-12,elliot.schoen@feest.net,"c""q%MF``\<Ci&I"
6078bf06-a9b5-3685-befb-dd88665d1449,Mr.,Molly,Gerlach,"20A/35 Walter Manor Suite 665","Ratke Skyway",Guihulngan,"West Virginia",Liechtenstein,265-109-023,371-158-385,"Weber and Sons",thompson.net,"Utility Meter Reader",silver,2003-01-06,alene49@hotmail.com,"LP\Db`{qE%;j6<~)"
1f21132f-4892-318d-b09c-ba6ba2f7c208,Mrs.,Litzy,Corkery,"57 Ruecker Light","Ullrich Islands",Meycauayan,"North Dakota",Bolivia,351-619-155,984-341-595,Goodwin-Windler,moen.net,"Payroll Clerk",olive,2016-01-01,royal.kunze@hotmail.com,yM>d$h7@4z:/1flXD
c61af9b3-b63e-3085-b0fc-208f02e2a42e,Mr.,Alexa,Kuhlman,"15 Wiegand Tunnel Suite 020","Roberts Fort",Borongan,Tennessee,Bhutan,238-656-654,045-330-738,Bahringer-Carter,carroll.com,"Vice President Of Human Resources",navy,2009-02-28,brekke.tara@nolan.net,"x1Z,F2K}w_^\_X<d2n-"
03bf03ee-07ec-3968-af83-b3d187eda2a9,Dr.,Tracey,Jones,"75A/98 Ernser Village Apt. 518","Gusikowski Orchard","Las Piñas",Virginia,Tonga,701-724-234,114-600-011,"Jacobs, Stehr and Abshire",gerhold.org,"Architecture Teacher",navy,1979-09-05,alaina.turner@johnson.org,"BMCP`AD^^""\qvLB"
aa1a7185-84f6-3326-a015-3c62ed87ed20,Mr.,Ryder,Rippin,"37 Waelchi Causeway","Powlowski Knolls","Zamboanga City",Missouri,Namibia,500-510-485,149-803-171,"Koepp Inc",wiegand.com,"Landscape Architect",yellow,2004-04-04,mikayla44@huels.info,BBh+ck.ENm/cj6
dab04f3a-650e-3737-8db7-49237a967e80,Dr.,Jordi,Hoeger,"29A/65 Hickle Alley","Pagac Via",Ormoc,Colorado,Haiti,115-525-805,628-636-152,"Wilkinson, Gislason and Schinner",durgan.org,Engineering,blue,1993-01-22,murazik.eino@nicolas.com,"Hs""qj>;%5a-L.En>"
ba56f532-5e92-3782-a8b1-fad21d991b91,Dr.,Kristoffer,Sauer,"22A/79 Corwin Union Apt. 773","Aufderhar Lodge",Parañaque,Virginia,Palau,524-966-296,056-656-182,Schaden-Keebler,conroy.com,"Self-Enrichment Education Teacher",aqua,2004-09-25,gleichner.aimee@swaniawski.org,"nGaW,687Z)&vW[B2Tvr"
057acde6-8eff-3dc2-a5e8-0a20a841d22e,Dr.,Ray,Jakubowski,"27A Beer Stream","Swaniawski Mews",Bislig,"Rhode Island",Afghanistan,445-615-332,026-092-495,Jacobs-Aufderhar,jacobs.com,"Percussion Instrument Repairer",teal,1972-11-27,oquigley@cole.biz,"TJ7SLsKdka""]"
06d4f322-ae31-331b-8842-63422eedc7c6,Ms.,Selina,Nolan,"78 Mitchell Glen Apt. 595","Mills Mountains",Santiago,Arizona,Armenia,069-342-110,173-158-154,"Swift LLC",erdman.com,"Pump Operators",maroon,1981-12-02,wolf.dominic@hermiston.com,7/&/3G~%!GfgvOx[q+;;
3204df1d-2e5f-3417-b1ce-02386d3169cd,Prof.,Alia,Trantow,"58A/68 Funk Mount Apt. 026","Harris Flat","La Carlota",Colorado,Tokelau,701-172-508,598-741-476,"Nitzsche and Sons",haley.info,"Title Searcher",aqua,2007-05-21,qzemlak@gmail.com,Dlv03=FYn.;P+MY(/T
f4684094-e7ab-3c49-92b5-de19e8e98a8e,Dr.,Johnson,Pouros,"78 Vandervort Divide Apt. 421","Schulist Forks","Cagayan de Oro",Alaska,"Central African Republic",001-487-552,905-026-523,O'Kon-Mante,hansen.com,"Kindergarten Teacher",teal,1993-07-20,lmetz@kemmer.com,nPISKe/%g}GT*
adbd6a0b-60fe-38fd-8ed9-5fe5b344a071,Mr.,Andre,Cole,"32 Bruen Rest","Balistreri Fall",Lucena,Georgia,"Russian Federation",896-703-007,934-918-985,"Boyle PLC",johnston.com,"Protective Service Worker",aqua,1995-01-31,elijah33@gmail.com,lN4|blgYV(l+z7@
71eebd03-4363-3a0a-abd1-b84942705c6d,Dr.,Hadley,McKenzie,"48 Bayer Plaza Suite 879","Murphy Extensions",Calamba,Kentucky,"Equatorial Guinea",361-481-618,916-954-210,"Ruecker Inc",rau.com,Welder,aqua,1990-11-14,jast.lizeth@haley.info,bB^t0f.CsXHC~)l.39&H
14b393be-cadd-357c-82c5-cb2c7b7d1116,Mr.,Austen,Bernier,"85 Lemke Trail","Parisian Route","Masbate City",Montana,Turkey,405-856-166,153-622-918,Abshire-Mitchell,larkin.com,"Human Resources Specialist",teal,2019-01-14,wilmer27@hill.org,a%KqcE
0c9fa3c0-4c46-3141-8e4c-5e17dfb6b48d,Dr.,Rodrick,Lemke,"48A/42 Kutch Point","Willms Turnpike",Tagbilaran,Kentucky,"United Kingdom",378-576-240,052-074-060,"Bahringer Ltd",beer.org,"General Manager",aqua,1972-01-03,abernathy.alyson@hotmail.com,|?Smmm;l6>p_RD<Yv
4ea03904-03ad-3b23-90cc-72facff0b254,Miss,Zackary,Bayer,"33/26 Runolfsson Lock Apt. 623","Mayer Neck",Tuguegarao,Kentucky,Maldives,239-957-952,255-116-801,"Walker Inc",nitzsche.com,"Etcher and Engraver",black,2023-02-03,gerhard97@fay.org,"=\m0D&/+_~Q^dp]h"
1b7429e1-9a73-3edf-b67d-93fb006a8d3f,Mr.,Ashlynn,Turner,"53/42 Nienow Underpass","Bergnaum Garden",Mandaluyong,"West Virginia",Finland,115-154-993,029-753-650,"Schaden LLC",hills.com,"Petroleum Technician",gray,2002-12-18,gabrielle70@hotmail.com,mE.s|_RH9N0-Caq@U3i
f1cc4dae-06b4-3c8d-9f04-02d1fc11dc24,Prof.,Sammie,Fadel,"39A Eichmann Isle","Bode Via",Cabuyao,Maine,Paraguay,423-259-567,970-026-626,"Parisian, Robel and Pagac",hirthe.com,"Statement Clerk",black,2017-12-02,stacey.cronin@hotmail.com,"E*-yEq-^\l"
335e1062-8e6b-3f47-a027-7cd7d861c57e,Miss,Clement,Koepp,"45/16 Jakubowski Light Apt. 567","Hyatt Knoll",Manila,Pennsylvania,"Puerto Rico",939-829-262,888-788-527,"Stark, Leuschke and Homenick",kilback.org,"Recreation and Fitness Studies Teacher",lime,1977-10-30,balistreri.giles@kassulke.com,KGV&Mv>czet}8E
eabd00a4-51ca-3f80-8f93-92b9caa4f07f,Ms.,Bridget,Prohaska,"23A Herzog Union Apt. 496","Marks Ways",Alaminos,Tennessee,Oman,101-017-299,916-590-379,Zulauf-Schimmel,koss.com,"Railroad Yard Worker",navy,2002-12-28,amanda07@rogahn.com,";qI;I0t%&?sp7v,%^"
69f55dd8-924d-3314-9db9-cd478e307dc6,Prof.,Alessia,Johns,"85 Sawayn Rapid Suite 744","Barton Hill",Imus,"South Dakota","Saint Helena",206-742-116,432-317-008,McLaughlin-Kovacek,tillman.net,"Fraud Investigator",aqua,2008-04-22,icie23@gmail.com,>C!AmkcLwdUWV
4d890916-9b82-35da-9ad3-ac5c71390a87,Mr.,Maurine,Torphy,"09A/18 Herman Burg","Toy Groves",Escalante,Iowa,Benin,912-803-920,091-359-399,"Miller, Will and Rohan",purdy.com,"Locker Room Attendant",green,1985-02-17,upton.freddy@yahoo.com,AYn=Za^6t)
5c8c5229-fb3b-373b-9876-6f769106770d,Mrs.,Luigi,Paucek,"00A/57 Maggio Isle Suite 009","Murazik Mountain",Mabalacat,"North Carolina",Nigeria,399-813-857,372-274-262,"Bernier PLC",schmeler.info,"Ophthalmic Laboratory Technician",blue,2002-12-10,cjacobi@bogisich.biz,x!O>6:rTFGs>=MI
bba12ed8-ad3f-3984-871d-57ee61f3e94a,Prof.,Elian,Sipes,"92/34 Block Village Apt. 436","Romaguera Wall",Imus,Utah,Liechtenstein,815-392-501,707-145-911,Kohler-Abbott,fadel.com,Carpenter,aqua,1979-11-07,reichert.jacynthe@gmail.com,~S3GVXf
c8e42feb-33d7-35fb-a728-41588ec7e939,Miss,Sadye,Dickinson,"39A/05 Casper Street Apt. 997","Kuhn Throughway",Legazpi,Illinois,Lesotho,896-959-023,473-433-045,O'Kon-Casper,glover.com,"Mold Maker",white,2014-02-21,montana.yundt@yahoo.com,JA>Mr|T#ac'q>e^+e[!
803a9649-a6bf-30b3-aefe-6683d93936a7,Prof.,Shea,Raynor,"29A O'Kon Points Suite 530","Strosin Road",Cabuyao,Oklahoma,Kenya,765-641-295,513-438-864,"West Inc",hane.net,"Lawn Service Manager",white,1997-05-27,qsporer@heller.com,"G\c65DW:F8!;"
710bbcc6-eabe-3c66-84f8-802b3ff00dcf,Mrs.,Israel,Torp,"20/35 Cronin Parks","Stamm Roads",Tagaytay,Utah,"Saudi Arabia",773-972-779,494-801-429,"McClure, Schaden and Vandervort",bergstrom.net,"Probation Officers and Correctional Treatment Specialist",lime,1974-03-19,cremin.holly@rutherford.com,"lkw"">/g\r(!P<(7lge@h"
fe8350a5-7275-3bea-adc7-9d298063b27d,Ms.,Hermann,Hackett,"57A Block Terrace Suite 777","Leffler Gateway",Lamitan,Virginia,Slovenia,261-423-574,307-116-874,"Koelpin PLC",ryan.org,"Mechanical Door Repairer",navy,2020-07-10,ara40@bailey.com,t~xlVNTGR2C>1`W%
a2ca294d-a397-30ac-a816-c1e8dc697c9f,Mr.,Jennings,Feeney,"31/95 Reichert Crossroad","Pouros Oval",Antipolo,Colorado,Namibia,103-675-198,564-790-951,"Christiansen LLC",christiansen.com,"Tax Examiner",aqua,2016-11-02,kenneth.thiel@yahoo.com,"]J[,""f,$|wh@@"
8da1ccb1-0c55-36cf-9a7a-7617a6103ec8,Dr.,Lauriane,Kerluke,"72/97 Anderson River","Grimes Brooks",Parañaque,Virginia,"United States Virgin Islands",009-150-238,459-598-909,"Brakus Group",ward.info,"Animal Control Worker",aqua,2001-06-19,reece.fadel@yahoo.com,1|592`U@()V4
f3a570e2-9711-34b9-8af7-f8bf1f019e73,Miss,Albin,Parker,"70 Hand Fort Suite 207","Walsh Oval","Davao City","South Carolina","Antigua and Barbuda",565-967-202,371-537-524,Conn-Konopelski,wehner.biz,"Tractor Operator",silver,2000-06-15,corwin.clyde@wisoky.com,"0IX9=:~\Y(5v}V#eQ"
eee6df37-76f5-3c77-94b2-0aa421b15ab2,Mrs.,Carson,Marvin,"49 Williamson Village","Goyette Trace","Cebu City",Pennsylvania,Namibia,344-514-186,056-458-589,"Wilkinson, Flatley and Kunze",block.com,"Poet OR Lyricist",yellow,2023-09-14,gerald70@botsford.com,gq}Q{C8vj5hTL@T?
4b3900bb-cd78-37cb-a1d6-3c739313094d,Mrs.,Ursula,Mohr,"82A Bayer Circles","Connelly Views",Canlaon,Mississippi,Jamaica,763-452-488,569-007-583,"Keebler, Gerlach and Kub",powlowski.com,"Marketing Manager",teal,1984-03-24,zula59@pfeffer.com,"3mMi""Mze"
05e0e003-6611-3d3d-b292-c7ee2cc8efc5,Prof.,Ebony,Wolf,"46/26 Langworth Parkway","King Turnpike",Imus,Kansas,Guernsey,846-431-295,631-792-995,"Goodwin LLC",blick.com,"Insulation Worker",yellow,1978-09-21,mann.roscoe@pacocha.com,G*LF<;!-}t/1TIIU_O<O
9b3a9b1d-7a9d-3af7-9a8d-1c365507cab8,Mrs.,Kolby,Hodkiewicz,"72A Bahringer Rapids Suite 017","Lindgren Track",Bacoor,Tennessee,Iceland,288-481-874,130-292-315,"O'Keefe, Fisher and Prosacco",simonis.com,"Licensing Examiner and Inspector",silver,1993-04-05,brown.ian@hahn.com,/odaRYW1I9/@e
569f08c0-a4a8-3979-a8a7-2c9b84b4009b,Mrs.,Benedict,Ward,"33 Feest Keys Apt. 429","Muller Center",Pasay,Pennsylvania,Romania,263-893-172,368-290-416,"Altenwerth Ltd",fisher.com,"Civil Engineer",fuchsia,2003-06-04,kenneth.yost@mraz.com,";\1PcS9GlV?D"
0b902d46-da26-396c-a8ed-805b63a111de,Miss,Ines,Harber,"15/52 Carroll Common Apt. 535","Jones Fort","Cebu City",Connecticut,Angola,367-249-776,702-387-645,DuBuque-Langosh,ankunding.org,"Vocational Education Teacher",gray,2007-03-29,gutkowski.madalyn@koch.info,"0b,X*,&M+tbK3-}cBm"
dbfd3207-dd78-3d61-b1b9-2043d108ee60,Mr.,Liana,Cole,"88 Gulgowski Port","Hill Cape",Roxas,Idaho,"Falkland Islands (Malvinas)",267-706-201,732-718-775,"Adams, Collier and Pollich",toy.com,"Funeral Attendant",black,1970-09-22,erling88@yahoo.com,`0S6dcZ7
bb4a4d15-6949-3b30-b6e6-765fd96b4794,Ms.,Candace,Fisher,"53 Rau Mission","Bartell Mount","Cotabato City","District of Columbia",Japan,900-473-482,419-450-155,"Baumbach PLC",lind.com,"Compacting Machine Operator",aqua,1974-10-16,bertha90@hotmail.com,;u6P0&A3J|4B&VRlP
48203399-b224-36ba-9331-43073cf1a549,Dr.,Jessika,Block,"52 Prohaska Manors Suite 994","Gibson Corners",Baybay,Georgia,Liberia,127-656-573,475-655-952,Rogahn-Feest,wiegand.biz,Orthodontist,lime,2001-03-22,broderick.balistreri@langworth.com,Myp1!E(<
1d3efdc4-b050-34cf-8fb5-a7fc89e400a6,Prof.,Mariela,Dicki,"00A Jerde Radial","Yost Cape","San Carlos",Ohio,"South Africa",041-479-191,510-599-420,"Rodriguez Inc",daniel.com,"Woodworking Machine Setter",navy,2019-01-24,jackeline.heathcote@barrows.org,"Z%^j}^i>F\zP"
e7a1d2c4-ce5e-359a-9200-f0af3c8cb8d6,Dr.,Everardo,Corwin,"29A/77 Boehm Green","Pfannerstill Spring",Canlaon,Hawaii,Hungary,350-672-734,090-117-937,Braun-Bruen,kunze.com,"Social Sciences Teacher",aqua,2013-02-05,kaleb81@hotmail.com,"cBwBA\>9KX*x5UHhhc8"
71cdc0e2-8283-3e69-acaf-7391043d3be0,Dr.,Rosalinda,Toy,"36A Kihn Causeway Apt. 304","Schulist Park","San Carlos",Louisiana,"Falkland Islands (Malvinas)",221-789-451,955-542-846,"Bogan, Nikolaus and Gleason",stehr.info,"Aircraft Engine Specialist",gray,2006-05-19,qcasper@dibbert.com,"Lpe$""B"
331834c0-376a-3520-b985-08bd5f042a51,Prof.,Garfield,Bergstrom,"41 Kerluke Ville Apt. 562","Howe Turnpike",Danao,"West Virginia",Norway,670-335-521,857-746-160,"Adams, Jast and Herzog",zulauf.com,"Compensation and Benefits Manager",gray,1971-06-27,irodriguez@yahoo.com,An$OAMT~N)APs+
292c2d68-9b34-38b0-90fd-705f8e90aced,Prof.,Carleton,Schoen,"11 O'Reilly Estates Suite 917","Conn River",Dipolog,Wyoming,Anguilla,817-144-382,281-929-671,Jakubowski-Halvorson,pfannerstill.com,"Marine Oiler",white,1989-04-09,cecil00@corkery.info,Nl*<A:$I9+pieZU
77540a55-5904-3ec1-bb29-ff7c0759e26e,Dr.,Ryleigh,O'Kon,"71A Schimmel Drive Suite 328","Raynor Roads",Vigan,"New Mexico",Anguilla,683-418-702,207-354-135,"Stracke, Rodriguez and Hahn",steuber.com,"Marine Engineer",navy,2018-01-06,boehm.allison@bins.biz,:H6x6i87dP9YC0Pl
a91a8326-5d8e-345b-9626-1fd73f5c69c9,Ms.,Otha,Hane,"42 Emard Overpass Apt. 353","Flatley Drive",Bacoor,"South Carolina","Holy See (Vatican City State)",350-954-442,807-293-315,"Corwin Group",bergnaum.biz,"Animal Breeder",fuchsia,2014-03-09,haylee69@schaefer.com,"bL|+|8.=K/WO,"
6a8c770e-4cd3-3819-9912-a8b72dd5dbef,Ms.,Jena,Weimann,"43A Turner Points","Konopelski Throughway",Makati,Kentucky,"French Guiana",743-687-388,858-065-664,Cassin-Torphy,maggio.info,"Personal Financial Advisor",lime,2008-08-11,everardo.fadel@gmail.com,dE<$I#
816f08e1-96f6-31fb-8bc1-0c7d52bad8df,Dr.,Meaghan,Towne,"27A/80 Jast Causeway Suite 583","Kunde Path",Caloocan,Oklahoma,Tunisia,979-226-522,973-928-760,Turcotte-Johnson,medhurst.com,Solderer,purple,2009-09-17,angelica96@lockman.com,@g]xr}PYW_V?sD
ea2b0657-744b-32d3-81d8-b7966ce04d2a,Dr.,Jerome,Deckow,"83 Kerluke Freeway Suite 886","Boyle Motorway",Sipalay,Pennsylvania,"Holy See (Vatican City State)",641-471-753,857-803-991,"Lueilwitz, Beer and Lubowitz",berge.net,"Fishing OR Forestry Supervisor",gray,2000-05-19,baumbach.wyman@hotmail.com,iF<v<iQ;
cd07016c-5f43-3998-b489-dd16139df349,Prof.,Cassandra,Lang,"47/29 O'Reilly Ports","Littel Port",Silay,Louisiana,"Norfolk Island",198-001-378,150-673-578,"Johns LLC",renner.com,"Corporate Trainer",olive,2008-05-02,nathen52@hotmail.com,"d\c8DUk|K;_?@a"
608d5eca-c723-363f-9e61-f98eb015af23,Dr.,Odie,Lueilwitz,"29 Klein Haven Apt. 073","Jones Tunnel","San Fernando",Missouri,Poland,144-964-923,930-941-154,"Willms and Sons",keeling.com,Sculptor,navy,1978-03-15,qkuhn@hauck.com,M5vCTBS$13
e1bae987-a930-32aa-8499-e9be62489647,Ms.,Tyshawn,Bailey,"91/95 Cole Streets","Macejkovic Vista",Panabo,Louisiana,Barbados,380-847-869,794-628-285,"Corkery, Nicolas and Crist",zieme.com,"Art Teacher",lime,1996-11-12,vanessa03@yahoo.com,bDSOTAOp%h4
0419b0fb-426a-3252-a54a-f0d02e7b3114,Mr.,Germaine,Luettgen,"25A Rodriguez Meadows","Schowalter Lights",Gapan,Utah,Albania,756-607-587,547-115-044,"Zemlak Ltd",cummings.org,"Directory Assistance Operator",silver,1986-02-19,fmills@yahoo.com,j15O).
d0713d20-a93f-32ef-bf9b-a4bca14ff036,Prof.,Alia,Kuhn,"76/68 Hegmann Lodge","Zemlak Ville",Cabanatuan,Illinois,Hungary,903-322-512,365-452-982,VonRueden-McGlynn,jenkins.com,"Financial Specialist",aqua,2008-12-18,travis18@jakubowski.com,ZFk/Kh/L>d~MA
3751329f-878f-3ea4-8b76-33258bcbd216,Mr.,Laurence,Quigley,"77 Kunze Views Apt. 321","Quitzon Causeway",Bayugan,Texas,Belize,825-757-231,260-354-250,Baumbach-Lakin,goyette.com,"Atmospheric and Space Scientist",yellow,2001-09-08,savannah.wisoky@gmail.com,mnndANcu{L
08f88ca7-8157-30a5-b2f0-a461d1e7cd60,Mrs.,Ada,Brown,"07A Bruen Locks Apt. 805","Spinka Row","Las Piñas",Wyoming,Spain,545-959-741,011-746-150,"Reinger, Gulgowski and Ledner",pfeffer.com,"Tax Preparer",teal,1983-10-13,julio98@schroeder.biz,Y!Y{_t
1288de84-15b9-3a95-9277-95b9ed026c71,Dr.,Darion,Becker,"28A Paucek Union Apt. 216","Mills Camp",Mabalacat,California,Zimbabwe,589-134-459,399-884-474,"Murray, Lehner and Kertzmann",torphy.com,"Record Clerk",olive,2008-02-01,unique.hansen@upton.com,QIW94Ul
68971a26-37db-3ac9-b0f4-17d0ec3622a4,Dr.,Ozella,Wuckert,"99A Sawayn Bridge Apt. 766","Hayes River",Urdaneta,Montana,Belarus,835-750-732,111-444-935,Bernhard-Green,gusikowski.info,Government,lime,1998-04-28,art74@gmail.com,tzXL#~@{?Y?qBIk
3ee46dbe-e675-36d1-ae2d-ce463ea1759b,Dr.,Emelia,Leffler,"86/19 Kirlin Meadow","Spencer Manor",Cabuyao,Missouri,Bolivia,114-118-107,638-037-466,"Beier Inc",larson.net,"Special Forces Officer",teal,1987-02-15,milo60@ledner.biz,dp+B8!Gm@
89b850af-a307-32a6-9643-096eb771dfe1,Ms.,Lazaro,Armstrong,"22 Ledner Plains Apt. 961","Strosin Court","San Pedro",Utah,Guadeloupe,780-666-215,432-194-110,Spinka-Lind,marquardt.org,Electrician,aqua,1999-01-14,renner.patsy@hotmail.com,<Tes2m>
d623d80a-057a-3cce-9cf2-294abbe51e5c,Dr.,Dejah,Hyatt,"39A/91 Lindgren Mountains","Brakus Corners",Malaybalay,Texas,Liechtenstein,882-406-034,154-154-396,"Ferry Ltd",doyle.org,"Lawn Service Manager",aqua,1995-02-17,gutmann.anna@hotmail.com,xe;b5)kcy8
92298df8-ccc2-3741-a88a-8e52b0d556d8,Prof.,Summer,Labadie,"43A Purdy Shore Apt. 526","Osinski Path",Lucena,Maryland,Kenya,438-797-396,284-905-222,"Torphy, Botsford and Schmitt",smith.com,"Casting Machine Operator",yellow,1992-06-23,eileen.collier@gmail.com,"|4]G+"".wHwu@fT"
f6031d25-2845-3989-b39b-0b2338bb55b5,Prof.,Willow,Ernser,"85A Lockman Stream","Ferry Branch",Naga,Iowa,"American Samoa",416-383-911,977-930-183,Larson-Kuhlman,schumm.com,"Engineering Manager",gray,2021-12-24,kessler.emerald@yahoo.com,"oa!,Q8yfLtY/6\'4Bz*"
59478af7-4cfc-3907-87bb-cdfbbc805a38,Mrs.,Ludie,Nolan,"77A/34 Kuphal Mount Apt. 935","Kovacek Terrace",Digos,Wyoming,Eritrea,789-957-471,764-058-782,"Jones Inc",greenfelder.com,"Transportation Manager",white,1998-03-11,myrl31@jakubowski.biz,sgM)17Q[}B
26efa2db-2279-342b-87bb-e7767310e486,Mrs.,Gaylord,Leuschke,"19A Braun Pine Apt. 630","Runolfsdottir Crossroad",Oroquieta,Wyoming,"Trinidad and Tobago",150-501-229,444-713-414,"Fritsch, Towne and Bins",conn.com,"Writer OR Author",maroon,1972-08-26,rodriguez.sean@gmail.com,"$N+9;EH\hRKx<G-"
f911d8d8-c3ea-3bed-a032-1b5cc231648c,Mr.,Americo,Williamson,"64/89 Boyer Fort","Tremblay Run","Zamboanga City","New York",Moldova,485-371-574,813-957-133,"Langworth, Eichmann and DuBuque",hettinger.com,"Molding Machine Operator",navy,1978-02-17,baumbach.roel@hotmail.com,+)A=d@^'P
f1cbb369-5747-3a71-85f3-32797e9c2ed6,Mrs.,Mathew,Kling,"14/28 Crona Land","Tremblay Brooks",Bago,California,Honduras,295-633-057,283-035-371,"Hoeger, Rodriguez and Williamson",friesen.net,"Credit Checkers Clerk",navy,2015-12-15,roman.goodwin@cremin.com,N-3XSfg>Lo
96989df9-2ae7-38ec-90a8-7fb487e578ba,Prof.,Erin,Nitzsche,"09A Gibson Village Apt. 253","Schowalter Underpass",Tabaco,Vermont,Ireland,608-113-490,414-710-557,"Davis Group",braun.net,"Fitness Trainer",white,2015-05-17,fabian68@gmail.com,7t7}gG
216a95e8-efa5-3fd7-b816-98cced5664b0,Dr.,Emerson,Lemke,"62 Bechtelar Mill","Schroeder Orchard",Lamitan,Idaho,Iraq,459-599-358,009-066-969,Gibson-Lemke,stiedemann.com,"Hand Trimmer",lime,2002-01-18,blehner@gmail.com,NITlg6LfOJG6
0f71b62c-de20-36bb-9c53-f1acd5a453b5,Mrs.,Donato,Durgan,"20A/80 Hermiston Square Suite 655","Kovacek Path",Himamaylan,Texas,Kenya,311-210-949,242-179-578,"Streich Inc",carter.com,Dancer,blue,1977-07-26,jermey.larson@bednar.com,"Tu\@,R>IT["
c29ee799-4045-3e52-ab40-3bcc3a849fc9,Dr.,Dell,Jacobs,"22 Gleichner Turnpike Apt. 752","Predovic Walk",Samal,Oregon,Latvia,026-852-467,070-427-584,"Pfannerstill Inc",klein.biz,"Social Sciences Teacher",white,1977-11-03,johnson.antonette@yost.biz,<q/LmWC
01720fa8-b33e-3cc9-9431-ccfa4504a8bb,Dr.,Aliza,Hansen,"21 Paucek Estate","Schiller Circles",Gingoog,Ohio,Bolivia,549-862-665,948-263-878,O'Keefe-Heller,schowalter.info,"Stock Broker",silver,2006-04-28,waters.winifred@yahoo.com,"_(QN<""GkEp4`kD("
dd688f0a-fd0b-3597-9cf5-3b458ef69491,Dr.,Beth,Kassulke,"53/17 Huel Viaduct","Carroll Coves",Ormoc,Nebraska,"Syrian Arab Republic",282-825-669,113-105-807,Funk-Torphy,bashirian.com,"Philosophy and Religion Teacher",maroon,1976-09-20,antwon.veum@schmidt.com,|#sIy(g}!8SSvO7
6478e3f0-fc0c-374c-8cb0-1d483d0bcc99,Mrs.,Markus,Reinger,"40 Kuphal Mills Suite 576","Blanda Radial",Kidapawan,Michigan,"San Marino",586-025-795,573-682-592,"Schumm Group",von.com,Obstetrician,yellow,2022-10-07,kenneth.gaylord@yahoo.com,'-/~mvw;(L&'#
601b85fa-507f-3c6c-85e7-a119168e6b21,Dr.,Freda,Schamberger,"46/58 Kuhic Run Suite 618","Parker Avenue",Bayawan,Ohio,Tonga,574-894-488,609-869-565,Abernathy-Ebert,bogisich.com,"Personal Financial Advisor",gray,2017-11-16,berta.hand@lemke.com,"eSEOh\"
8e9ba5c1-1c7c-392f-badc-acbc30046fe4,Miss,Katlyn,Bins,"48 Macejkovic Park Apt. 872","Hermann Cape",Tabaco,Nevada,Mongolia,956-375-227,930-524-599,Bins-Hills,wisozk.info,"Agricultural Sciences Teacher",purple,1979-04-18,meagan81@kub.info,#Smw`)~*.
76d703ab-6ecf-339a-a700-b23e03ea0d36,Mr.,Henri,Runte,"49/94 Hartmann Key","Willms Mills",Dipolog,Minnesota,Korea,018-716-800,744-091-871,Brekke-O'Conner,pagac.org,"Production Laborer",navy,2024-05-24,heber78@hessel.biz,fpHx&^7xx
047c0ae1-efb4-38ee-a623-065662876590,Prof.,Ernie,Green,"87A/28 Stroman Summit Suite 207","Beahan Pike",Carcar,Illinois,Guatemala,398-073-634,869-939-439,"Schulist, Nienow and Kemmer",okuneva.com,"Tour Guide",maroon,1984-02-18,hirthe.dewitt@jacobson.com,$**Q&G
ebf3c7ad-4ec2-3366-89f4-39050e24290d,Mr.,Mozell,Crooks,"17A Satterfield Villages","Stanton Bypass",Bacolod,Connecticut,Angola,188-205-823,729-150-978,Padberg-Osinski,stark.com,"Power Plant Operator",yellow,1975-10-05,ortiz.marshall@maggio.com,>9l+H'V_kQK6/X'aRlg
57c74949-25f3-30ef-aa3d-b1970124fa0a,Mr.,Lennie,Kling,"57 Zieme Field Suite 156","Parisian Court","Puerto Princesa",Montana,Anguilla,221-828-170,522-541-871,"Padberg PLC",heaney.org,"Printing Machine Operator",aqua,1974-01-09,berniece.langworth@hotmail.com,"CuW4""t{2k4"
a829af6e-c169-31dd-96ee-baececdcf4e8,Prof.,Theresa,Sawayn,"81A/01 Oberbrunner Locks Suite 897","Mayer Knolls",Balanga,California,Dominica,019-332-693,026-118-204,Collier-Gleason,skiles.com,"Transportation Attendant",blue,1985-04-07,sydnee48@gmail.com,i){CD8dvJt`W#!p)Y
87c327c6-8c33-377c-aaa8-d0bb0d0f117e,Dr.,Euna,Breitenberg,"35A/14 Goyette Crossroad Suite 395","Halvorson Harbors",Imus,Maryland,Liberia,705-247-008,959-299-068,"Hartmann PLC",willms.biz,"Fashion Designer",gray,2008-01-06,jankunding@harvey.org,",X/[6f#3"
